"PlotVisit","GDM","BIOMASS","PlotID","Date","Latitude","Longitude"
"10.2014-08-29",158.51,253.173,10,2014-08-29,46.57791,-113.82738
"1016.2015-08-26",43.625,62.456,1016,2015-08-26,46.45785,-113.76855
"1017.2015-08-26",56.044,81.431,1017,2015-08-26,46.45856,-113.76639
"1018.2015-08-26",16.297,22.606,1018,2015-08-26,46.457755,-113.7694
"1019.2015-08-26",67.132,97.063,1019,2015-08-26,46.45834,-113.76865
"1020.2015-08-26",25.621,38.824,1020,2015-08-26,46.45783,-113.76779
"1022.2015-07-28",28.749,39.505,1022,2015-07-28,46.41864,-113.69937
"1023.2015-07-28",10.384,14.433,1023,2015-07-28,46.41848,-113.70033
"1026.2015-07-29",46.012,73.55,1026,2015-07-29,46.45065,-113.6879
"1028.2015-07-29",68.365,109.279,1028,2015-07-29,46.45114,-113.68591
"1034.2015-07-28",19.158,25.922,1034,2015-07-28,46.50418,-113.74872
"1035.2015-07-28",55.794,76.781,1035,2015-07-28,46.5065,-113.75257
"1036.2015-07-17",50.681,66.843,1036,2015-07-17,46.55299,-113.8561
"1037.2015-07-17",24.716,33.011,1037,2015-07-17,46.55295,-113.8577
"1038.2015-07-17",64.629,87.641,1038,2015-07-17,46.55197,-113.85443
"1039.2015-07-17",28.034,38.613,1039,2015-07-17,46.5524,-113.85568
"1040.2015-07-17",9.196,12.046,1040,2015-07-17,46.55205,-113.85761
"1041.2015-08-13",144.539,194.958,1041,2015-08-13,46.16954,-113.95236
"1042.2015-08-13",54.943,78.617,1042,2015-08-13,46.17253,-113.95476
"1043.2015-08-13",0.463,0.623,1043,2015-08-13,46.17142,-113.95269
"1044.2015-08-13",182.384,282.637,1044,2015-08-13,46.17376,-113.95651
"1045.2015-08-13",71.166,93.991,1045,2015-08-13,46.17096,-113.95475
"1046.2015-08-04",4.948,9.434,1046,2015-08-04,46.43477,-113.8822
"1047.2015-08-04",1.519,2.276,1047,2015-08-04,46.43317,-113.88142
"1048.2015-08-04",27.749,52.899,1048,2015-08-04,46.43445,-113.87841
"1049.2015-08-04",39.732,74.579,1049,2015-08-04,46.43217,-113.87627
"1051.2015-08-24",52.76,72.303,1051,2015-08-24,46.73847,-113.74313
"1052.2015-08-24",127.596,198.417,1052,2015-08-24,46.73826,-113.74399
"1053.2015-08-24",393.916,551.413,1053,2015-08-24,46.73917,-113.74344
"1055.2015-08-24",117.939,185.826,1055,2015-08-24,46.73906,-113.74414
"1057.2015-07-27",19.282,36.759,1057,2015-07-27,46.41428,-113.6487
"1059.2015-07-27",15.475,24.899,1059,2015-07-27,46.41322,-113.65273
"106.2014-08-22",7.24,11.346,106,2014-08-22,46.69669,-113.75302
"1061.2015-07-29",33.186,62.617,1061,2015-07-29,46.44749,-113.68022
"1063.2015-07-29",37.555,71.577,1063,2015-07-29,46.4474,-113.67847
"1065.2015-07-29",18.987,35.714,1065,2015-07-29,46.44672,-113.67832
"1071.2015-08-26",22.816,30.096,1071,2015-08-26,46.46227,-113.76657
"1072.2015-08-26",28.621,40.986,1072,2015-08-26,46.45983,-113.76781
"1073.2015-08-26",39.459,60.266,1073,2015-08-26,46.45919,-113.76843
"1074.2015-08-26",78.773,109.826,1074,2015-08-26,46.46082,-113.76708
"1075.2015-08-26",50.096,65.188,1075,2015-08-26,46.46345,-113.76576
"1076.2015-07-30",269.758,419.007,1076,2015-07-30,46.51913,-113.72901
"1078.2015-07-30",76.641,117.002,1078,2015-07-30,46.51959,-113.72647
"1079.2015-07-30",68.106,114.935,1079,2015-07-30,46.52,-113.72807
"108.2014-08-22",8.758,12.08,108,2014-08-22,46.69677,-113.75497
"1080.2015-07-30",41.534,64.8,1080,2015-07-30,46.51945,-113.72504
"1081.2015-07-28",29.934,41.852,1081,2015-07-28,46.50681,-113.75902
"1082.2015-07-28",4.181,5.499,1082,2015-07-28,46.50572,-113.75485
"1083.2015-07-28",11.151,15.696,1083,2015-07-28,46.5064,-113.75729
"1084.2015-07-28",64.42,86.441,1084,2015-07-28,46.50706,-113.75525
"1085.2015-07-28",30.649,40.8,1085,2015-07-28,46.50443,-113.75744
"1086.2015-08-03",123.32,173.944,1086,2015-08-03,46.76756,-113.72868
"1087.2015-08-03",130.64,181.682,1087,2015-08-03,46.76617,-113.72401
"1088.2015-08-03",98.686,145.94,1088,2015-08-03,46.76758,-113.72476
"1089.2015-08-03",43.279,61.361,1089,2015-08-03,46.76721,-113.72686
"109.2014-08-22",34.696,53.526,109,2014-08-22,46.69764,-113.75593
"1090.2015-08-03",75.873,102.707,1090,2015-08-03,46.76882,-113.72728
"1091.2015-08-07",43.378,58.017,1091,2015-08-07,46.77219,-113.73559
"1092.2015-08-07",124.058,170.884,1092,2015-08-07,46.77132,-113.73527
"1093.2015-08-07",138.838,199.538,1093,2015-08-07,46.77135,-113.73388
"1094.2015-08-07",66.03,100.354,1094,2015-08-07,46.77153,-113.73269
"1095.2015-08-07",48.843,69.985,1095,2015-08-07,46.76889,-113.73139
"1096.2015-08-11",28.42,37.435,1096,2015-08-11,45.81474,-114.27979
"1097.2015-08-11",41.249,56.906,1097,2015-08-11,45.81618,-114.28146
"1098.2015-08-11",5.306,7.454,1098,2015-08-11,45.81254,-114.27837
"1099.2015-08-11",11.641,15.848,1099,2015-08-11,45.81361,-114.28311
"11.2014-08-29",58.189,92.246,11,2014-08-29,46.57806,-113.83122
"1100.2015-08-11",15.822,22.202,1100,2015-08-11,45.81101,-114.28016
"1101.2015-08-11",88.865,135.476,1101,2015-08-11,45.81963,-114.27502
"1102.2015-08-11",28.42,38.777,1102,2015-08-11,45.82174,-114.27261
"1103.2015-08-11",117.378,155.84,1103,2015-08-11,45.81951,-114.26773
"1104.2015-08-11",16.679,23.449,1104,2015-08-11,45.82141,-114.27317
"1105.2015-08-11",15.75,22.43,1105,2015-08-11,46.82006,-114.27076
"12.2014-08-29",94.181,149.954,12,2014-08-29,46.57597,-113.83202
"1200.2015-07-16",16.751,24.882,1200,2015-07-16,46.67586,-114.00526
"1201.2015-07-16",12.992,19.602,1201,2015-07-16,46.67507,-114.00693
"1202.2015-07-16",41.672,60.733,1202,2015-07-16,46.69481,-114.02106
"1203.2015-07-16",31.617,48.525,1203,2015-07-16,46.69595,-114.02146
"1204.2015-07-16",25.6,36.822,1204,2015-07-16,46.69637,-114.02289
"1205.2015-07-16",31.924,46.387,1205,2015-07-16,46.6951,-114.02276
"1206.2015-07-16",9.964,14.734,1206,2015-07-16,46.69736,-114.02206
"1207.2015-07-31",12.116,18.184,1207,2015-07-31,46.70684,-114.03217
"1208.2015-07-31",21.184,31.617,1208,2015-07-31,46.7061,-114.03335
"1209.2015-07-31",19.93,29.566,1209,2015-07-31,46.70509,-114.03422
"1210.2015-08-27",17.022,25.507,1210,2015-08-27,46.70617,-114.03466
"1211.2015-08-27",13.678,20.627,1211,2015-08-27,46.70494,-114.03242
"1212.2015-07-21",38.059,55.39,1212,2015-07-21,46.48051,-113.94422
"1213.2015-07-21",31.407,46.419,1213,2015-07-21,46.47941,-113.94303
"1214.2015-07-21",41.272,60.681,1214,2015-07-21,46.48006,-113.94714
"1215.2015-07-21",33.633,48.831,1215,2015-07-21,46.47782,-113.94644
"1216.2015-07-21",34.579,50.514,1216,2015-07-21,46.47841,-113.94465
"1217.2015-07-31",35.313,51.3,1217,2015-07-31,46.48507,-113.94688
"1218.2015-07-31",41.681,60.926,1218,2015-07-31,46.48972,-113.94481
"1219.2015-07-31",47.441,68.948,1219,2015-07-31,46.48823,-113.94223
"122.2015-07-22",86.152,133.5,122,2015-07-22,46.71025,-113.89076
"1220.2015-07-31",22.018,32.4,1220,2015-07-31,46.48859,-113.94427
"1221.2015-07-31",21.003,30.669,1221,2015-07-31,46.48534,-113.94415
"1227.2015-07-22",22.658,32.874,1227,2015-07-22,46.71213,-114.03623
"1228.2015-07-22",37.413,54.325,1228,2015-07-22,46.71537,-114.03191
"1229.2015-07-22",4.946,7.163,1229,2015-07-22,46.71447,-114.03476
"123.2015-07-22",7.481,11.163,123,2015-07-22,46.70776,-113.89333
"1230.2015-07-22",15.652,23.24,1230,2015-07-22,46.71962,-114.03295
"1231.2015-07-22",6.934,11.634,1231,2015-07-22,46.72213,-114.03445
"124.2015-07-22",229.482,354.455,124,2015-07-22,46.7101,-113.88985
"1241.2015-08-05",0.291,0.387,1241,2015-08-05,46.68063,-114.03706
"1243.2015-08-05",0.551,0.727,1243,2015-08-05,46.68143,-114.03297
"1245.2015-08-31",150.258,211.107,1245,2015-08-31,46.57967,-113.96089
"1246.2015-08-31",130.769,183.8,1246,2015-08-31,46.57936,-113.95898
"1247.2015-08-24",155.56,204.893,1247,2015-08-24,46.59946,-113.93914
"1248.2015-08-24",89.299,124.415,1248,2015-08-24,46.59611,-113.9437
"1249.2015-08-24",8.307,11.449,1249,2015-08-24,46.60378,-113.93877
"125.2015-07-22",262.339,391.642,125,2015-07-22,46.70846,-113.89109
"1250.2015-08-24",65.227,85.538,1250,2015-08-24,46.59833,-113.94372
"1251.2015-08-24",183.568,240.147,1251,2015-08-24,46.60011,-113.94244
"1252.2015-08-31",215.205,271.456,1252,2015-08-31,46.5778,-113.96169
"1254.2015-08-03",100.978,136.571,1254,2015-08-03,46.54859,-113.95792
"1256.2015-08-03",79.395,108.515,1256,2015-08-03,46.5468,-113.95878
"1257.2015-08-03",188.862,251.502,1257,2015-08-03,46.54859,-113.96088
"1258.2015-08-27",350.75,448.695,1258,2015-08-27,46.59108,-113.94801
"1259.2015-08-27",105.867,148.8,1259,2015-08-27,46.59225,-113.95035
"1260.2015-08-17",32.467,43.338,1260,2015-08-17,46.46897,-113.94883
"1261.2015-08-17",48.726,67.69,1261,2015-08-17,46.46987,-113.94937
"1262.2015-08-17",20.049,25.84,1262,2015-08-17,46.46938,-113.94449
"1263.2015-08-17",33.706,44.08,1263,2015-08-17,46.47165,-113.95267
"1264.2015-08-17",51.157,68.617,1264,2015-08-17,46.46817,-113.94474
"1265.2015-08-27",81.815,109.587,1265,2015-08-27,46.47218,-113.95188
"1266.2015-08-27",35.97,47.799,1266,2015-08-27,46.47161,-113.95116
"1267.2015-08-27",44.578,56.747,1267,2015-08-27,46.46828,-113.94315
"1268.2015-08-31",68.016,87.574,1268,2015-08-31,46.4694,-113.94531
"1269.2015-08-31",44.175,55.708,1269,2015-08-31,46.4664,-113.94285
"131.2015-08-20",41.695,59.097,131,2015-08-20,46.44442,-113.9044
"132.2015-08-20",50.435,70.506,132,2015-08-20,46.43963,-113.91031
"133.2015-08-20",98.497,143.196,133,2015-08-20,46.44043,-113.90961
"134.2015-08-20",117.145,152.675,134,2015-08-20,46.44423,-113.90306
"135.2015-08-20",42.525,58.556,135,2015-08-20,46.44241,-113.90115
"141.2014-08-20",45.387,63.082,141,2014-08-20,46.72977,-113.76678
"144.2014-08-20",66.108,97.881,144,2014-08-20,46.73064,-113.76451
"145.2014-08-20",161.168,238.122,145,2014-08-20,46.72842,-113.76938
"146.2014-07-22",39.274,57.163,146,2014-07-22,46.82685,-113.92958
"147.2014-07-16",497.393,707.034,147,2014-07-16,46.82719,-113.92465
"148.2014-07-22",66.082,89.533,148,2014-07-22,46.82853,-113.93294
"149.2014-07-22",76.874,103.68,149,2014-07-22,46.82486,-113.93153
"150.2014-07-22",142.873,198.231,150,2014-07-22,46.83824,-113.92753
"151.2015-08-18",189.843,243.529,151,2015-08-18,46.60257,-113.90403
"153.2015-08-18",11.19,14.196,153,2015-08-18,46.60326,-113.90753
"154.2015-08-18",116.653,164.098,154,2015-08-18,46.60359,-113.90408
"16.2015-07-23",149.806,285.585,16,2015-07-23,46.46618,-113.84541
"161.2014-08-04",48.663,68.47,161,2014-08-04,46.82724,-113.94535
"162.2014-08-04",24.723,37.611,162,2014-08-04,46.82912,-113.94309
"164.2014-08-04",86.383,123.106,164,2014-08-04,46.83067,-113.94137
"165.2014-08-04",57.077,80.886,165,2014-08-04,46.82622,-113.94515
"17.2015-07-23",52.504,100.024,17,2015-07-23,46.46541,-113.84467
"171.2014-08-22",44.352,59.908,171,2014-08-22,46.764,-113.72813
"172.2014-08-12",13.258,18.44,172,2014-08-12,46.76244,-113.73286
"173.2014-08-22",43.347,58.773,173,2014-08-22,46.76221,-113.72764
"174.2014-08-12",40.217,55.399,174,2014-08-12,46.76221,-113.73434
"175.2014-08-22",113.495,157.366,175,2014-08-22,46.75914,-113.73231
"176.2015-08-18",13.563,19.127,176,2015-08-18,46.85037,-113.89031
"179.2015-08-18",44.863,63.063,179,2015-08-18,46.85001,-113.89094
"18.2015-07-23",138.443,263.785,18,2015-07-23,46.46559,-113.84296
"19.2015-07-23",52.922,100.76,19,2015-07-23,46.46484,-113.844
"191.2015-08-04",28.193,51.074,191,2015-08-04,46.50952,-113.85642
"192.2015-08-04",19.4,34.996,192,2015-08-04,46.51348,-113.86186
"193.2015-08-04",64.056,105.683,193,2015-08-04,46.50922,-113.85912
"194.2015-08-03",27.175,42.446,194,2015-08-03,46.51368,-113.85712
"195.2015-08-04",10.549,19.2,195,2015-08-04,46.51026,-113.85789
"20.2015-07-21",220.134,341.592,20,2015-07-21,46.75143,-113.88459
"206.2014-08-26",47.83,89.942,206,2014-08-26,46.76406,-113.88225
"207.2014-08-26",36.92,68.051,207,2014-08-26,46.75041,-113.88361
"208.2014-08-26",74.806,138.609,208,2014-08-26,46.76282,-113.88194
"209.2014-08-26",97.303,155.232,209,2014-08-26,46.76299,-113.87981
"21.2015-07-21",40.157,52.161,21,2015-07-21,46.74842,-113.88261
"210.2014-08-26",7.367,11.84,210,2014-08-26,46.75955,-113.88116
"216.2015-08-03",10.433,14.413,216,2015-08-03,46.71538,-113.74931
"217.2015-08-03",373.754,597.117,217,2015-08-03,46.71454,-113.74426
"218.2015-08-03",206.802,321.281,218,2015-08-03,46.71438,-113.7466
"22.2015-07-21",57.001,85.545,22,2015-07-21,46.75237,-113.88403
"220.2015-08-03",6981.774,11159.565,220,2015-08-03,46.71367,-113.74107
"221.2015-08-28",0.163,0.262,221,2015-08-28,46.64315,-113.76135
"222.2015-08-28",18.249,26.269,222,2015-08-28,46.64297,-113.76458
"223.2015-08-28",10.658,15.845,223,2015-08-28,46.64416,-113.76387
"224.2015-08-28",215.283,344.171,224,2015-08-28,46.64323,-113.76298
"231.2015-08-19",30.478,49.037,231,2015-08-19,46.32373,-113.89344
"232.2015-08-19",67.605,107.276,232,2015-08-19,46.32465,-113.88433
"233.2015-08-19",40.3,71.685,233,2015-08-19,46.32622,-113.88708
"234.2015-08-19",81.975,145.197,234,2015-08-19,46.3257,-113.89254
"235.2015-08-19",36.539,67.747,235,2015-08-19,46.32475,-113.89033
"237.2014-08-29",36.737,70.035,237,2014-08-29,46.2986,-113.8753
"238.2014-08-29",56.328,89.753,238,2014-08-29,46.3009,-113.87283
"239.2014-08-29",100.177,190.274,239,2014-08-29,46.29751,-113.87439
"24.2015-07-21",124.537,188.397,24,2015-07-21,46.74804,-113.88482
"240.2014-08-29",19.731,31.453,240,2014-08-29,46.29958,-113.87552
"244.2014-07-24",60.337,110.922,244,2014-07-24,46.53373,-113.84006
"245.2014-07-24",52.462,98.525,245,2014-07-24,46.5352,-113.83706
"246.2014-07-24",70.703,134.718,246,2014-07-24,46.53429,-113.83549
"25.2014-08-28",445.071,690.956,25,2014-08-28,46.75571,-113.84053
"26.2014-08-28",83.91,128.383,26,2014-08-28,46.75592,-113.84168
"265.2014-07-24",91.237,173.662,265,2014-07-24,46.53503,-113.83635
"266.2014-07-24",48.407,81.533,266,2014-07-24,46.53437,-113.83934
"267.2014-07-24",30.798,54.703,267,2014-07-24,46.53641,-113.84325
"268.2014-07-29",20.427,32.613,268,2014-07-29,46.53565,-113.83601
"269.2014-07-29",42.929,68.026,269,2014-07-29,46.53553,-113.83736
"27.2014-08-28",162.463,247.427,27,2014-08-28,46.75481,-113.84254
"270.2015-08-06",33.499,49.743,270,2015-08-06,46.43407,-113.88264
"279.2015-08-31",11.1,16.045,279,2015-08-31,46.71571,-114.05119
"28.2014-08-28",706.881,1098.263,28,2014-08-28,46.75267,-113.84751
"280.2015-08-31",39.517,56.846,280,2015-08-31,46.71033,-114.04875
"281.2015-08-21",16.199,23.067,281,2015-08-21,46.70929,-114.04823
"282.2015-08-21",33.862,48.887,282,2015-08-21,46.71202,-114.05093
"283.2015-08-21",17.132,24.471,283,2015-08-21,46.71463,-114.05174
"284.2015-07-16",131.463,187.023,284,2015-07-16,46.67134,-114.04623
"285.2015-07-16",25.651,37.114,285,2015-07-16,46.67068,-114.04744
"286.2015-08-17",38.69,53.506,286,2015-08-17,46.56088,-114.09387
"287.2015-08-17",37.541,51.575,287,2015-08-17,46.55975,-114.09467
"288.2015-08-17",12.828,17.982,288,2015-08-17,46.56188,-114.09169
"289.2015-08-17",35.53,50.938,289,2015-08-17,46.56226,-114.08987
"29.2014-08-28",663.358,1030.153,29,2014-08-28,46.75507,-113.84368
"291.2014-08-14",50.891,75.312,291,2014-08-14,46.56311,-114.09344
"293.2015-08-17",70.483,101.551,293,2015-08-17,46.57625,-114.06801
"294.2014-08-14",2.459,3.631,294,2014-08-14,46.56623,-114.08849
"300.2014-07-17",147.448,201.446,300,2014-07-17,46.85456,-113.88437
"301.2014-07-17",79.797,105.52,301,2014-07-17,46.85576,-113.88226
"302.2014-07-22",22.208,31.879,302,2014-07-22,46.85487,-113.88049
"303.2014-07-17",146.175,210.613,303,2014-07-17,46.85896,-113.8836
"304.2014-07-17",42.319,61.638,304,2014-07-17,46.85752,-113.88326
"305.2014-08-04",56.407,81.538,305,2014-08-04,46.81895,-114.01316
"306.2014-08-04",152.717,205.163,306,2014-08-04,46.81926,-114.00811
"307.2014-08-04",44.071,67.634,307,2014-08-04,46.8189,-114.00503
"308.2014-08-04",19.142,30.834,308,2014-08-04,46.81803,-114.00515
"309.2014-08-04",44.42,64.723,309,2014-08-04,46.81756,-114.01095
"310.2014-08-11",25.443,36.56,310,2014-08-11,46.74095,-114.03402
"311.2014-08-11",21.682,33.332,311,2014-08-11,46.74438,-114.03027
"312.2014-08-11",39.785,57.251,312,2014-08-11,46.74489,-114.03087
"313.2014-08-11",46.418,69.227,313,2014-08-11,46.73975,-114.03489
"314.2014-08-11",20.66,34.674,314,2014-08-11,46.73979,-114.03214
"315.2014-08-25",63.606,99.695,315,2014-08-25,46.60107,-113.93311
"316.2014-08-25",31.606,47.94,316,2014-08-25,46.60118,-113.93414
"318.2014-08-25",45.188,65.894,318,2014-08-25,46.60221,-113.93151
"319.2014-08-25",18.319,29.435,319,2014-08-25,46.60287,-113.93461
"322.2014-06-09",51.278,69.333,322,2014-06-09,46.55935,-113.93347
"322.2014-06-30",24.588,34.716,322,2014-06-30,46.55931,-113.93343
"322.2014-09-04",67.535,97.56,322,2014-09-04,46.55929,-113.93347
"323.2014-06-09",33.131,48.56,323,2014-06-09,46.56231,-113.93115
"323.2014-06-30",44.6,64.32,323,2014-06-30,46.56235,-113.93132
"323.2014-09-04",27.023,40.373,323,2014-09-04,46.56236,-113.93118
"325.2014-05-27",38.623,54.067,325,2014-05-27,46.73416,-114.04424
"325.2014-06-16",20.421,30.907,325,2014-06-16,46.7341,-114.0443
"325.2014-07-10",56.124,90.135,325,2014-07-10,46.73384,-114.04421
"325.2014-08-12",31.486,48.386,325,2014-08-12,46.73423,-114.0443
"325.2014-09-03",52.678,79.531,325,2014-09-03,46.7342,-114.04419
"325.2014-09-22",12.907,20.169,325,2014-09-22,46.73427,-114.04416
"325.2015-05-25",10.248,13.859,325,2015-05-25,46.73433,-114.0443
"325.2015-06-15",59.434,83.984,325,2015-06-15,46.73513,-114.04433
"325.2015-07-06",19.945,28.8,325,2015-07-06,46.73444,-114.04447
"325.2015-08-05",3.309,5.203,325,2015-08-05,46.73476,-114.04418
"325.2015-09-11",1.749,2.613,325,2015-09-11,46.73437,-114.04459
"325.2015-09-23",5.528,8.038,325,2015-09-23,46.73497,-114.04446
"326.2014-05-20",6.996,10.04,326,2014-05-20,46.73136,-114.04718
"326.2014-06-16",28.445,42.52,326,2014-06-16,46.73125,-114.04698
"326.2014-07-10",30.785,44.409,326,2014-07-10,46.73114,-114.04684
"326.2014-08-12",23.627,34.291,326,2014-08-12,46.73131,-114.04638
"326.2014-09-03",17.503,25.86,326,2014-09-03,46.73128,-114.04642
"326.2014-09-22",13.291,19.215,326,2014-09-22,46.73129,-114.04602
"326.2015-05-25",11.855,17.099,326,2015-05-25,46.73878,-114.04847
"326.2015-06-15",16.084,23.664,326,2015-06-15,46.73121,-114.04745
"326.2015-07-06",12.598,18.84,326,2015-07-06,46.73127,-114.04739
"326.2015-08-05",9.951,14.554,326,2015-08-05,46.7313,-114.04746
"326.2015-09-11",13.581,19.444,326,2015-09-11,46.73127,-114.04668
"326.2015-09-23",3.844,5.621,326,2015-09-23,46.73131,-114.0463
"327.2014-08-12",19.983,31.62,327,2014-08-12,46.73249,-114.04685
"328.2014-08-12",18.205,30.667,328,2014-08-12,46.73017,-114.0434
"329.2014-08-12",21.688,33.551,329,2014-08-12,46.73307,-114.04445
"330.2014-07-23",23.505,32.76,330,2014-07-23,46.67785,-113.9848
"331.2014-07-21",17.773,29.289,331,2014-07-21,46.67797,-113.99229
"332.2014-07-23",30.434,44.085,332,2014-07-23,46.67725,-113.9901
"333.2014-07-23",96.87,150.635,333,2014-07-23,46.67916,-113.99017
"334.2014-07-23",31.94,47.955,334,2014-07-23,46.67994,-113.98594
"335.2014-07-21",54.644,84.288,335,2014-07-21,46.58601,-113.91708
"336.2014-07-21",83.153,113.997,336,2014-07-21,46.58572,-113.91917
"337.2014-07-21",29.544,44.338,337,2014-07-21,46.58648,-113.92349
"338.2014-07-21",56.067,84.8,338,2014-07-21,46.58517,-113.91833
"339.2014-07-21",40.28,58.319,339,2014-07-21,46.58248,-113.91828
"340.2014-05-21",26.475,36.124,340,2014-05-21,46.84127,-113.96401
"340.2014-06-16",23.278,32.115,340,2014-06-16,46.84126,-113.9641
"340.2014-07-10",51.446,75.95,340,2014-07-10,46.84137,-113.96417
"340.2014-08-13",64.573,89.911,340,2014-08-13,46.84142,-113.96408
"340.2014-09-03",20.481,29.817,340,2014-09-03,46.84122,-113.96413
"340.2014-09-22",81.116,117.58,340,2014-09-22,46.84123,-113.96412
"340.2015-05-27",61.278,78.682,340,2015-05-27,46.84117,-113.96439
"340.2015-06-16",56.352,74.635,340,2015-06-16,46.84111,-113.96444
"340.2015-07-06",27.362,40.323,340,2015-07-06,46.84105,-113.96443
"340.2015-08-07",12.813,18.931,340,2015-08-07,46.84105,-113.95497
"340.2015-09-09",53.716,78.188,340,2015-09-09,46.84108,-113.96459
"340.2015-09-23",26.485,37.611,340,2015-09-23,46.84123,-113.96467
"341.2014-08-13",61.784,89.542,341,2014-08-13,46.83897,-113.96428
"342.2014-08-13",74.747,101.841,342,2014-08-13,46.84326,-113.96555
"343.2014-08-13",98.937,133.405,343,2014-08-13,46.84142,-113.96652
"344.2014-05-21",62.832,85.906,344,2014-05-21,46.84126,-113.9663
"344.2014-06-16",49.103,67.845,344,2014-06-16,46.84116,-113.96613
"344.2014-07-10",32.191,46.997,344,2014-07-10,46.84121,-113.96613
"344.2014-08-13",124.002,176.567,344,2014-08-13,46.84119,-113.96618
"344.2014-09-03",34.387,49.886,344,2014-09-03,46.84124,-113.96619
"344.2014-09-22",47.2,68.903,344,2014-09-22,46.84115,-113.96631
"344.2015-05-27",105.023,132.755,344,2015-05-27,46.84122,-113.96622
"344.2015-06-16",28.659,39.609,344,2015-06-16,46.84117,-113.96619
"344.2015-07-06",40.953,56.45,344,2015-07-06,46.84121,-113.96624
"344.2015-08-07",29.628,41.069,344,2015-08-07,46.84121,-113.96618
"344.2015-09-09",134.236,194.784,344,2015-09-09,46.84119,-113.96623
"344.2015-09-23",26.835,37.98,344,2015-09-23,46.84148,-113.96632
"345.2015-07-23",35.852,52.547,345,2015-07-23,46.74979,-113.9958
"346.2015-07-23",18.674,26.886,346,2015-07-23,46.74811,-113.99476
"347.2015-07-23",20.573,29.265,347,2015-07-23,46.74886,-113.99039
"348.2015-07-23",16.125,23.664,348,2015-07-23,46.774878,-113.99663
"349.2015-07-23",41.365,58.658,349,2015-07-23,46.74932,-113.99974
"35.2015-08-20",23.209,31.38,35,2015-08-20,46.75543,-113.89018
"359.2014-07-23",68.3,104.146,359,2014-07-23,46.54897,-113.92075
"36.2015-08-20",35.271,49.906,36,2015-08-20,46.75427,-113.89183
"360.2014-07-23",54.479,86.323,360,2014-07-23,46.54829,-113.91525
"361.2014-07-23",4.667,6.747,361,2014-07-23,46.54881,-113.91163
"362.2014-07-23",32.747,48.109,362,2014-07-23,46.54768,-113.91892
"363.2014-07-23",30.885,45.907,363,2014-07-23,46.55149,-113.91377
"364.2014-05-26",41.271,51.062,364,2014-05-26,46.53965,-113.90561
"364.2014-06-16",66.36,89.026,364,2014-06-16,46.53973,-113.90564
"364.2014-07-09",27.638,41.424,364,2014-07-09,46.53983,-113.90572
"364.2014-08-18",34.812,51.396,364,2014-08-18,46.53974,-113.90571
"364.2014-09-03",53.264,77.415,364,2014-09-03,46.53972,-113.90562
"364.2014-09-22",53.126,75.217,364,2014-09-22,46.53968,-113.90581
"364.2015-05-26",57.466,72.755,364,2015-05-26,46.54071,-113.90608
"364.2015-06-17",50.565,65.609,364,2015-06-17,46.54065,-113.90629
"364.2015-07-07",39.475,55.604,364,2015-07-07,46.53964,-113.90565
"364.2015-08-06",24.244,35.627,364,2015-08-06,46.53951,-113.90578
"364.2015-09-09",70.232,106.218,364,2015-09-09,46.53953,-113.90575
"364.2015-09-23",26.512,37.008,364,2015-09-23,46.5397,-113.90573
"366.2014-08-18",164.856,231.221,366,2014-08-18,46.53877,-113.90142
"367.2014-05-26",28.068,38.645,367,2014-05-26,46.5405,-113.90747
"367.2014-06-16",48.849,69.573,367,2014-06-16,46.54047,-113.90749
"367.2014-07-09",83.602,125.774,367,2014-07-09,46.54052,-113.90768
"367.2014-08-18",31.097,45.062,367,2014-08-18,46.54051,-113.90769
"367.2014-09-03",40.976,56.394,367,2014-09-03,46.54046,-113.90775
"367.2014-09-22",47.976,66.746,367,2014-09-22,46.54051,-113.90759
"367.2015-05-26",53.119,65.935,367,2015-05-26,46.54037,-113.90759
"367.2015-06-17",55.455,72.03,367,2015-06-17,46.54086,-113.90745
"367.2015-07-07",60.395,83.563,367,2015-07-07,46.54054,-113.90762
"367.2015-08-06",104.447,151.789,367,2015-08-06,46.54042,-113.90758
"367.2015-09-09",18.622,27.217,367,2015-09-09,46.54045,-113.90769
"367.2015-09-23",17.713,25.546,367,2015-09-23,46.54044,-113.90762
"368.2014-08-18",355.016,494.145,368,2014-08-18,46.53994,-113.90354
"369.2014-07-23",18.627,27.618,369,2014-07-23,46.55111,-113.91043
"37.2015-08-20",35.139,48.125,37,2015-08-20,46.75664,-113.88744
"370.2014-07-23",6.119,8.878,370,2014-07-23,46.54789,-113.90875
"371.2014-07-23",32.67,48.613,371,2014-07-23,46.55131,-113.91312
"372.2014-07-23",17.772,26.146,372,2014-07-23,46.54943,-113.91152
"373.2014-07-23",47.258,70.68,373,2014-07-23,46.55038,-113.91436
"374.2014-07-18",33.336,47.916,374,2014-07-18,46.49702,-113.95142
"375.2014-07-17",13.517,19.796,375,2014-07-17,46.49302,-113.95524
"376.2014-07-17",46.321,71.307,376,2014-07-17,46.49224,-113.95683
"377.2014-07-17",31.861,45.884,377,2014-07-17,46.4953,-113.95357
"378.2014-07-18",28.244,42.309,378,2014-07-18,46.49699,-113.95315
"379.2015-07-15",85.609,125.344,379,2015-07-15,46.5325,-113.92049
"380.2015-07-15",48.203,70.351,380,2015-07-15,46.53278,-113.91516
"381.2015-07-15",66.404,97.347,381,2015-07-15,46.53472,-113.91675
"382.2015-07-15",71.458,104.059,382,2015-07-15,46.53599,-113.91744
"383.2015-07-15",75.409,108.594,383,2015-07-15,46.53245,-113.91562
"384.2015-08-05",14.501,20.175,384,2015-08-05,46.59157,-113.90462
"385.2015-08-05",63.59,81.937,385,2015-08-05,46.58943,-113.90398
"386.2015-08-05",52.975,70.338,386,2015-08-05,46.59114,-113.90322
"387.2015-08-05",28.116,36.437,387,2015-08-05,46.59042,-113.90754
"39.2015-08-20",42.577,58.216,39,2015-08-20,46.75302,-113.88892
"40.2015-08-19",237.448,338.789,40,2015-08-19,46.32041,-113.89397
"401.2014-07-18",144.003,211.43,401,2014-07-18,46.49725,-113.94418
"402.2014-07-18",16.714,25.053,402,2014-07-18,46.49677,-113.93938
"41.2015-08-19",13.748,18.829,41,2015-08-19,46.3187,-113.89884
"42.2015-08-19",79.982,120.281,42,2015-08-19,46.31865,-113.89635
"425.2014-08-27",32.503,50.486,425,2014-08-27,46.7585,-113.84092
"426.2014-08-27",46.792,72.728,426,2014-08-27,46.75075,-113.83784
"427.2014-08-27",761.332,1182.815,427,2014-08-27,46.74941,-113.84135
"428.2014-08-27",52.175,79.245,428,2014-08-27,46.74943,-113.84239
"429.2014-08-27",53.965,82.9,429,2014-08-27,46.74632,-113.84281
"43.2015-08-19",0.237,0.32,43,2015-08-19,46.31702,-113.90178
"430.2015-07-24",124.251,194.864,430,2015-07-24,46.5074,-113.84422
"431.2015-07-24",69.052,112.149,431,2015-07-24,46.50759,-113.8444
"432.2015-07-24",132.89,206.623,432,2015-07-24,46.50798,-113.84262
"444.2015-07-24",48.426,63.847,444,2015-07-24,46.73114,-113.70055
"445.2015-07-24",63.122,88.546,445,2015-07-24,46.73228,-113.70097
"446.2015-07-24",40.803,57.093,446,2015-07-24,46.73322,-113.70151
"447.2014-08-28",43.413,61.242,447,2014-08-28,46.61642,-113.63516
"448.2014-08-28",26.44,34.99,448,2014-08-28,46.6153,-113.63059
"449.2014-08-28",150.221,207.069,449,2014-08-28,46.61782,-113.63422
"450.2014-08-28",7.962,11.88,450,2014-08-28,46.61702,-113.63814
"459.2014-08-22",310.782,480.113,459,2014-08-22,46.82028,-113.91412
"460.2014-08-07",183.851,255.582,460,2014-08-07,46.82284,-113.91335
"461.2014-08-15",18.748,25.559,461,2014-08-15,46.819,-113.90859
"462.2014-08-07",215.363,319.436,462,2014-08-07,46.82254,-113.91258
"464.2014-08-12",28.944,41.165,464,2014-08-12,46.76073,-113.73788
"465.2014-08-12",123.644,173.947,465,2014-08-12,46.76154,-113.73825
"466.2014-08-12",131.045,183.728,466,2014-08-12,46.7605,-113.7393
"467.2014-08-12",67.483,92.498,467,2014-08-12,46.76041,-113.73573
"468.2014-08-12",110.058,160.43,468,2014-08-12,46.76163,-113.73489
"473.2014-07-21",123.705,186.834,473,2014-07-21,46.57777,-113.92081
"475.2015-07-30",25.586,37.16,475,2015-07-30,46.57814,-113.65923
"476.2015-07-30",31.886,43.945,476,2015-07-30,46.58175,-113.66869
"477.2015-07-30",9.877,13.08,477,2015-07-30,46.58088,-113.66564
"481.2014-08-05",20.096,33.544,481,2014-08-05,46.73917,-113.98021
"482.2014-08-05",45.21,66.708,482,2014-08-05,46.73969,-113.98071
"483.2014-08-05",80.276,110.786,483,2014-08-05,46.73936,-113.98192
"484.2014-08-05",29.7,44.814,484,2014-08-05,46.74014,-113.98495
"485.2014-08-05",62.478,85.446,485,2014-08-05,46.74152,-113.9774
"486.2015-08-18",4.873,6.849,486,2015-08-18,46.60152,-113.990417
"488.2015-08-18",25.438,36.621,488,2015-08-18,46.60317,-113.9015
"493.2015-08-18",8.457,12.382,493,2015-08-18,46.58965,-113.90775
"495.2014-08-05",86.96,115.507,495,2014-08-05,46.74679,-113.98418
"496.2014-08-05",22.678,34.495,496,2014-08-05,46.74615,-113.98574
"497.2014-08-05",47.5,74.253,497,2014-08-05,46.74657,-113.98277
"498.2014-07-31",23.801,35.319,498,2014-07-31,46.7472,-113.98119
"499.2014-07-31",41.598,64.95,499,2014-07-31,46.74732,-113.97998
"5.2014-07-17",96.166,177.257,5,2014-07-17,46.45097,-113.83656
"505.2015-07-17",104.826,146.99,505,2015-07-17,46.53762,-113.89822
"506.2015-07-17",404.771,645.942,506,2015-07-17,46.53889,-113.8961
"507.2015-07-17",95.798,122.691,507,2015-07-17,46.53764,-113.89694
"508.2015-07-17",131.393,168.852,508,2015-07-17,46.53909,-113.90083
"509.2014-08-26",136.585,208.595,509,2014-08-26,46.51624,-113.85493
"511.2014-08-26",29.18,45.866,511,2014-08-26,46.51777,-113.85619
"512.2014-08-26",48.121,76.713,512,2014-08-26,46.51742,-113.85475
"513.2014-07-23",63.988,93.748,513,2014-07-23,46.54398,-113.91036
"514.2014-07-23",50.317,65.758,514,2014-07-23,46.54458,-113.91607
"516.2014-07-23",32.339,50.183,516,2014-07-23,46.5446,-113.91216
"522.2015-08-28",9.689,14.215,522,2015-08-28,46.72833,-113.74938
"523.2015-08-28",14.69,22.327,523,2015-08-28,46.72587,-113.74698
"524.2015-08-28",39.911,58.086,524,2015-08-28,46.72834,-113.75127
"525.2015-08-28",26.459,38.714,525,2015-08-28,46.72822,-113.75302
"527.2014-08-06",32.613,48.338,527,2014-08-06,46.74827,-113.96684
"528.2014-08-06",149.053,211.251,528,2014-08-06,46.74951,-113.96599
"529.2014-08-06",120.952,168.272,529,2014-08-06,46.7507,-113.9675
"530.2014-08-06",103.694,136.496,530,2014-08-06,46.74771,-113.96889
"5325.2015-08-05",3.309,5.203,5325,2015-08-05,46.73476,-114.04418
"5326.2015-08-05",9.951,14.554,5326,2015-08-05,46.7313,-114.04746
"5340.2015-08-07",12.813,18.931,5340,2015-08-07,46.84105,-113.95497
"5344.2015-08-07",29.628,41.069,5344,2015-08-07,46.84121,-113.96618
"5364.2015-08-06",24.244,35.627,5364,2015-08-06,46.53951,-113.90578
"5367.2015-08-06",104.447,151.789,5367,2015-08-06,46.54042,-113.90758
"538.2015-08-21",9.012,14.062,538,2015-08-21,46.57748,-113.82243
"539.2015-08-21",14.23,27.022,539,2015-08-21,46.57577,-113.82141
"540.2015-08-21",68.08,108.823,540,2015-08-21,46.57821,-113.82389
"541.2015-08-21",23.27,43.951,541,2015-08-21,46.57525,-113.82282
"548.2015-07-27",152.675,215.497,548,2015-07-27,46.39939,-113.69759
"550.2015-07-27",25.496,36.788,550,2015-07-27,46.40055,-113.70197
"551.2015-07-28",336.911,472.851,551,2015-07-28,46.39515,-113.68675
"552.2015-07-28",214.398,277.433,552,2015-07-28,46.39211,-113.68392
"554.2015-07-28",202.589,285.096,554,2015-07-28,46.39322,-113.68607
"567.2014-08-19",130.289,196.622,567,2014-08-19,46.69502,-113.79082
"569.2014-08-19",41.314,56.855,569,2014-08-19,46.69308,-113.79242
"570.2014-08-19",11.581,15.299,570,2014-08-19,46.69244,-113.79308
"571.2014-08-19",12.619,16.169,571,2014-08-19,46.69403,-113.79182
"573.2014-08-25",198.898,314.101,573,2014-08-25,46.71914,-113.9757
"575.2014-08-25",183.813,288.645,575,2014-08-25,46.71821,-113.97449
"577.2014-08-20",26.188,33.36,577,2014-08-20,46.70814,-113.90885
"580.2014-08-20",5.375,7.506,580,2014-08-20,46.70451,-113.90204
"581.2014-08-20",132.31,184.78,581,2014-08-20,46.7091,-113.90765
"592.2014-08-21",0.432,0.571,592,2014-08-21,46.76399,-113.81277
"593.2014-08-21",201.16,312.656,593,2014-08-21,46.76358,-113.81435
"594.2014-08-21",35.831,49.825,594,2014-08-21,46.76436,-113.80945
"595.2014-08-21",0.382,0.549,595,2014-08-21,46.76432,-113.80847
"605.2014-08-18",6.433,8.942,605,2014-08-18,46.76273,-113.82808
"606.2014-08-18",327.388,508.845,606,2014-08-18,46.7625,-113.82589
"609.2014-08-18",16.775,26.062,609,2014-08-18,46.76238,-113.82884
"613.2015-08-31",4.99,7.112,613,2015-08-31,46.39318,-113.89605
"614.2015-08-31",6.965,10.221,614,2015-08-31,46.39439,-113.89897
"616.2014-08-14",1.725,2.363,616,2014-08-14,46.60109,-113.85754
"617.2014-08-13",2.782,3.682,617,2014-08-13,46.60125,-113.85363
"618.2014-08-13",24.016,34.801,618,2014-08-13,46.59825,-113.85924
"619.2014-08-13",4.702,6.666,619,2014-08-13,46.60167,-113.8606
"620.2015-07-29",155.009,219.171,620,2015-07-29,46.43931,-113.74721
"621.2015-07-29",135.956,188.968,621,2015-07-29,46.43592,-113.74487
"623.2015-07-29",72.947,103.825,623,2015-07-29,46.43835,-113.74619
"628.2015-07-20",39.658,57.618,628,2015-07-20,46.75603,-114.00861
"629.2015-07-20",19.992,28.401,629,2015-07-20,46.7582,-114.00845
"630.2015-07-20",13.939,21.12,630,2015-07-20,46.75541,-114.0089
"631.2015-07-20",24.289,34.908,631,2015-07-20,46.75809,-114.01042
"632.2014-08-25",143.489,206.046,632,2014-08-25,46.67671,-113.76788
"633.2014-08-25",19.866,27.93,633,2014-08-25,46.67685,-113.76868
"634.2014-08-25",5.877,9.118,634,2014-08-25,46.67739,-113.77011
"635.2014-08-25",2.483,3.48,635,2014-08-25,46.67337,-113.76349
"646.2014-08-15",51.278,75.566,646,2014-08-15,46.81871,-113.90606
"648.2014-08-15",23.151,32.084,648,2014-08-15,46.81787,-113.90259
"649.2014-08-15",50.043,69.565,649,2014-08-15,46.82209,-113.91245
"658.2015-08-27",6.889,9.986,658,2015-08-27,46.46227,-113.91527
"659.2015-08-27",12.083,17.582,659,2015-08-27,46.46587,-113.9144
"66.2014-08-19",709.492,1100.779,66,2014-08-19,46.72836,-113.8046
"660.2015-08-27",14.509,21.539,660,2015-08-27,46.46275,-113.91473
"671.2014-07-16",97.592,129.613,671,2014-07-16,46.46879,-113.90339
"672.2014-07-15",82.141,114.447,672,2014-07-15,46.47178,-113.90588
"673.2014-07-15",180.506,240.58,673,2014-07-15,46.47136,-113.90338
"674.2014-07-16",300.648,386.354,674,2014-07-16,46.47029,-113.90378
"675.2014-07-15",344.861,440.039,675,2014-07-15,46.47511,-113.90041
"676.2014-07-15",525.797,695.406,676,2014-07-15,46.47388,-113.89763
"677.2014-07-15",213.133,302.238,677,2014-07-15,46.47257,-113.89734
"678.2014-07-15",58.119,78.897,678,2014-07-15,46.47577,-113.89534
"68.2014-08-22",16.6,24.067,68,2014-08-22,46.72944,-113.80245
"680.2014-07-09",79.295,105.414,680,2014-07-09,46.66172,-113.84101
"680.2014-09-04",50.7,74.756,680,2014-09-04,46.66168,-113.84107
"680.2014-09-23",106.789,149.842,680,2014-09-23,46.66159,-113.84119
"680.2015-06-01",35.866,47.334,680,2015-06-01,46.66152,-113.84124
"680.2015-06-17",62.904,83.024,680,2015-06-17,46.66145,-113.84138
"680.2015-07-02",30.579,40.409,680,2015-07-02,46.66164,-113.84109
"680.2015-08-07",79.05,110.587,680,2015-08-07,46.66162,-113.84113
"680.2015-09-09",39.001,53.294,680,2015-09-09,46.66157,-113.84124
"680.2015-09-23",38.545,53.01,680,2015-09-23,46.66156,-113.84119
"681.2014-06-23",105.307,138.647,681,2014-06-23,46.47952,-113.90017
"681.2014-07-10",181.361,236.464,681,2014-07-10,46.47952,-113.90019
"681.2014-09-04",51.923,70.82,681,2014-09-04,46.48007,-113.9001
"681.2014-09-23",129.414,171.324,681,2014-09-23,46.47942,-113.90022
"681.2015-05-28",23.656,32.184,681,2015-05-28,46.47952,-113.9002
"681.2015-06-16",70.291,92.576,681,2015-06-16,46.47949,-113.90022
"681.2015-07-03",87.106,117.27,681,2015-07-03,46.47948,-113.90025
"681.2015-08-07",31.748,44.646,681,2015-08-07,46.47948,-113.90023
"681.2015-09-09",66.781,89.033,681,2015-09-09,46.47948,-113.90025
"681.2015-09-23",110.16,160.058,681,2015-09-23,46.47951,-113.90017
"682.2015-05-20",36.819,50.864,682,2015-05-20,46.69057,-113.98768
"682.2015-06-15",50.293,76.928,682,2015-06-15,46.69077,-113.9876
"682.2015-07-02",36.798,53.473,682,2015-07-02,46.69082,-113.98754
"682.2015-07-15",56.546,81.546,682,2015-07-15,46.69076,-113.98753
"682.2015-09-09",38.423,53.271,682,2015-09-09,46.69057,-113.98795
"682.2015-09-23",55.869,80.685,682,2015-09-23,46.69087,-113.9875
"683.2015-07-15",24.441,34.413,683,2015-07-15,46.69654,-113.98652
"684.2015-07-15",47.62,62.899,684,2015-07-15,46.79721,-113.98616
"685.2015-07-15",33.319,48.859,685,2015-07-15,46.69594,-113.987787
"686.2015-05-20",33.582,46.61,686,2015-05-20,46.68989,-113.9894
"686.2015-06-15",38.076,51.801,686,2015-06-15,46.69022,-113.98927
"686.2015-07-02",58.708,84.468,686,2015-07-02,46.69028,-113.98894
"686.2015-07-15",76.836,109.807,686,2015-07-15,46.69015,-113.98923
"686.2015-09-09",45.853,63.804,686,2015-09-09,46.68994,-113.98943
"686.2015-09-23",52.028,75.425,686,2015-09-23,46.69026,-113.98891
"69.2014-08-19",172.207,238.891,69,2014-08-19,46.73069,-113.79951
"690.2015-08-25",32.25,46.708,690,2015-08-25,46.69543,-113.98164
"691.2015-08-25",42.531,60.641,691,2015-08-25,46.69527,-113.9794
"692.2015-08-25",29.625,42.645,692,2015-08-25,46.69859,-113.98097
"693.2015-08-25",28.311,41.17,693,2015-08-25,46.6964,-113.97946
"694.2015-08-25",36.602,52.866,694,2015-08-25,46.6974,-113.98276
"695.2015-08-25",86.749,117.853,695,2015-08-25,46.70141,-113.99933
"696.2015-08-25",24.543,35.896,696,2015-08-25,46.70232,-113.99872
"697.2015-08-25",18.735,27.147,697,2015-08-25,46.69898,-113.99938
"698.2015-08-25",29.794,43.186,698,2015-08-25,46.69907,-113.99992
"699.2015-08-25",61.705,89.459,699,2015-08-25,46.69914,-114.0002
"7.2014-07-17",301.786,471.392,7,2014-07-17,46.45158,-113.83524
"70.2014-08-19",36.98,52.403,70,2014-08-19,46.73029,-113.80087
"700.2014-07-28",108.413,155.563,700,2014-07-28,46.00791,-114.0382
"701.2014-07-29",101.976,144.891,701,2014-07-29,46.00204,-114.03886
"702.2014-07-29",239.857,334.686,702,2014-07-29,46.0072,-114.03786
"703.2014-07-29",36.474,53.66,703,2014-07-29,46.00219,-114.0345
"709.2014-07-30",137.832,188.312,709,2014-07-30,45.97632,-114.0332
"71.2014-07-18",46.3,61.527,71,2014-07-18,46.47168,-113.90021
"711.2014-07-30",81.084,114.129,711,2014-07-30,45.97599,-114.03381
"712.2014-07-30",143.244,216.854,712,2014-07-30,45.97337,-114.03531
"713.2014-07-29",129.756,190.411,713,2014-07-29,45.97512,-114.02995
"719.2014-07-29",71.206,107.706,719,2014-07-29,46.00475,-114.03681
"72.2014-07-16",112.445,143.345,72,2014-07-16,46.47109,-113.90275
"720.2014-07-29",125.801,183.892,720,2014-07-29,45.99997,-114.03149
"722.2014-07-29",32.097,46.778,722,2014-07-29,46.00112,-114.03711
"723.2014-07-28",100.611,140.994,723,2014-07-28,46.00322,-114.02902
"724.2015-08-12",97.128,136.149,724,2015-08-12,45.96105,-113.99289
"725.2015-08-12",38.746,54.14,725,2015-08-12,45.96274,-113.99464
"726.2015-08-12",129.851,168.015,726,2015-08-12,45.96098,-113.99016
"727.2015-08-12",109.609,161.306,727,2015-08-12,46.96177,-113.99775
"728.2015-08-12",130.327,193.816,728,2015-08-12,45.95926,-113.99715
"73.2014-07-15",133.131,179.114,73,2014-07-15,46.47003,-113.90546
"734.2014-08-27",51.242,78.776,734,2014-08-27,46.66298,-113.81784
"736.2014-08-27",56.549,88.3,736,2014-08-27,46.66279,-113.81516
"74.2014-07-16",42.181,55.607,74,2014-07-16,46.46745,-113.90321
"75.2014-07-18",70.696,97.185,75,2014-07-18,46.47018,-113.89885
"789.2014-08-21",223.447,337.14,789,2014-08-21,46.1199,-114.02909
"790.2014-08-21",105.433,155.605,790,2014-08-21,46.11963,-114.02577
"791.2014-08-21",126.083,185.7,791,2014-08-21,46.11875,-114.02837
"793.2014-08-21",250.522,382.209,793,2014-08-21,46.11995,-114.02791
"794.2014-07-31",89.222,125.503,794,2014-07-31,45.9603,-113.95188
"795.2014-07-31",147.703,207.981,795,2014-07-31,45.95848,-113.95455
"796.2014-07-31",54.086,79.025,796,2014-07-31,45.96429,-113.95483
"797.2014-07-30",94.173,131.829,797,2014-07-30,45.96253,-113.95618
"798.2014-07-30",19.604,28.653,798,2014-07-30,45.96472,-113.95681
"799.2014-07-25",30.86,43.481,799,2014-07-25,46.67288,-113.85159
"8.2014-08-29",40.237,64.166,8,2014-08-29,46.57524,-113.82969
"800.2014-07-25",129.351,180.857,800,2014-07-25,46.67424,-113.85197
"802.2014-07-25",40.411,59.665,802,2014-07-25,46.67451,-113.85398
"824.2015-08-12",26.815,36.109,824,2015-08-12,45.86584,-114.06641
"825.2015-08-12",235.784,334.683,825,2015-08-12,45.86891,-114.06466
"826.2015-08-12",24.956,33.603,826,2015-08-12,45.86853,-114.0713
"827.2015-08-12",97.954,144.886,827,2015-08-12,45.86814,-114.06842
"828.2015-08-12",143.306,203.557,828,2015-08-12,45.87001,-114.07207
"844.2014-07-24",11.327,17.108,844,2014-07-24,46.68078,-113.84947
"845.2014-07-24",229.336,350.62,845,2014-07-24,46.67574,-113.84538
"846.2014-07-24",21.362,31.148,846,2014-07-24,46.67968,-113.84648
"847.2014-07-24",37.758,50.418,847,2014-07-24,46.67391,-113.84928
"848.2014-07-24",147.936,205.632,848,2014-07-24,46.67801,-113.84769
"864.2014-08-07",12.668,22.33,864,2014-08-07,45.51828,-114.27199
"865.2014-08-07",8.096,12.741,865,2014-08-07,45.51844,-114.27027
"866.2014-08-07",0.273,0.412,866,2014-08-07,45.51993,-114.26964
"868.2014-08-07",51.765,79.284,868,2014-08-07,45.5177,-114.27084
"869.2014-08-06",49.847,70.693,869,2014-08-06,45.5062,-114.29494
"871.2014-08-06",5.393,7.651,871,2014-08-06,45.50696,-114.29214
"872.2014-08-06",28.144,39.781,872,2014-08-06,45.50668,-114.29417
"873.2014-08-06",38.801,57.172,873,2014-08-06,45.50997,-114.29215
"874.2014-08-05",24.374,34.246,874,2014-08-05,45.535,-114.27717
"875.2014-08-05",20.906,29.661,875,2014-08-05,45.53924,-114.27872
"876.2014-08-05",3.021,4.355,876,2014-08-05,45.53409,-114.27755
"877.2014-08-05",6.223,8.717,877,2014-08-05,45.53487,-114.27888
"878.2014-08-05",0.06,0.097,878,2014-08-05,45.53849,-114.27773
"880.2015-08-10",27.308,42.975,880,2015-08-10,45.50676,-114.47188
"881.2015-08-10",4.793,6.851,881,2015-08-10,45.50957,-114.47127
"882.2015-08-10",47.916,67.853,882,2015-08-10,45.51002,-114.47165
"883.2015-08-10",19.673,29.815,883,2015-08-10,45.50615,-114.47071
"884.2015-08-14",76.227,107.462,884,2015-08-14,46.25985,-113.7969
"885.2015-08-13",14.529,20.723,885,2015-08-13,46.25591,-113.80064
"886.2015-08-14",42.02,57.449,886,2015-08-14,46.26096,-113.8037
"887.2015-08-14",59.25,82.55,887,2015-08-14,46.26071,-113.80275
"888.2015-08-13",102.917,146.295,888,2015-08-13,46.25534,-113.80052
"889.2014-08-14",76.157,110.968,889,2014-08-14,46.32203,-114.23936
"891.2014-08-14",84.606,118.035,891,2014-08-14,46.32191,-114.24082
"892.2014-08-14",155.23,221.814,892,2014-08-14,46.3197,-114.2416
"894.2014-08-15",86.801,121.763,894,2014-08-15,46.32518,-114.25037
"896.2014-08-15",115.917,164.615,896,2014-08-15,46.32701,-114.24855
"898.2014-08-15",69.145,97.976,898,2014-08-15,46.32578,-114.2494
"907.2015-08-13",70.603,100.379,907,2015-08-13,46.24067,-113.84244
"908.2015-08-13",1.19,1.586,908,2015-08-13,46.24282,-113.84296
"909.2015-08-13",43.757,62.39,909,2015-08-13,46.24371,-113.84347
"91.2015-07-20",165.015,250.803,91,2015-07-20,46.75959,-114.00965
"911.2015-08-13",25.386,35.883,911,2015-08-13,46.24444,-113.84091
"912.2014-08-04",47.555,68.5,912,2014-08-04,45.53302,-114.35481
"913.2014-08-04",12.988,18.294,913,2014-08-04,45.52856,-114.35652
"914.2014-08-04",14.207,21.479,914,2014-08-04,45.53152,-114.35424
"916.2014-08-04",55.056,76.018,916,2014-08-04,45.53012,-114.35418
"917.2015-08-10",34.584,49.167,917,2015-08-10,45.55156,-114.36772
"918.2015-08-10",63.993,91.667,918,2015-08-10,45.55122,-114.36885
"919.2015-08-10",796.842,1131.456,919,2015-08-10,45.55272,-114.36653
"92.2015-07-20",134.454,185.629,92,2015-07-20,46.76003,-114.01147
"920.2015-08-10",27.306,38.223,920,2015-08-10,45.55212,-114.36637
"93.2015-07-20",12.397,17.162,93,2015-07-20,46.75769,-114.00597
"933.2014-07-16",1.974,2.66,933,2014-07-16,46.77056,-114.21252
"934.2014-07-16",10.588,14.02,934,2014-07-16,46.77007,-114.21509
"935.2014-07-16",3.514,4.947,935,2014-07-16,46.76886,-114.21172
"94.2015-07-20",91.126,124.594,94,2015-07-20,46.75998,-114.00498
"95.2015-07-20",186.028,267.27,95,2015-07-20,46.76011,-114.00355
"950.2014-08-01",0.894,1.282,950,2014-08-01,46.71062,-114.03927
"951.2014-08-20",11.728,18.671,951,2014-08-20,46.68518,-114.03336
"952.2014-08-18",1.071,1.373,952,2014-08-18,46.67215,-114.01369
"953.2014-08-08",9.109,14.281,953,2014-08-08,46.67406,-114.02348
"954.2014-08-07",1.678,2.467,954,2014-08-07,46.68086,-114.02947
"955.2014-08-18",0.941,1.373,955,2014-08-18,46.68067,-114.02991
"956.2014-08-08",22.644,32.733,956,2014-08-08,46.68763,-114.03329
"957.2014-08-08",22.841,29.652,957,2014-08-08,46.68937,-114.03595
"958.2014-08-20",11.68,15.252,958,2014-08-20,46.67247,-114.02587
"959.2014-08-22",200.544,263.013,959,2014-08-22,46.68652,-114.03611
"960.2014-08-22",321.251,421.322,960,2014-08-22,46.68537,-114.03608
"961.2014-08-20",59.359,78.641,961,2014-08-20,46.67225,-114.02493
