PlotID,Date,Type,Latitude,Longitude
1,5/7/2014,Pellet,46.86895,-113.9104
1,5/7/2014,Forage,46.86805,-113.9096
2,5/7/2014,Pellet,46.708717,-114.114833
2,5/7/2014,Forage,46.708717,-114.114833
3,5/7/2014,Pellet,46.466084,-113.938984
3,5/7/2014,Forage,46.466356,-113.938503
4,5/8/2014,Pellet,46.70755,-114.06918
4,5/8/2014,Forage,46.7076,-114.06921
5,7/17/2014,Biomass,46.45097,-113.83656
5,5/22/2014,Pellet,46.70373,-114.103567
5,5/22/2014,Forage,46.42075,-114.06521
6,5/22/2014,Pellet,46.7069,-114.03976
6,5/22/2014,Forage,46.42345,-114.02279
7,7/17/2014,Biomass,46.45158,-113.83524
7,5/22/2014,Pellet,46.420339,-113.940455
7,5/22/2014,Forage,46.42061,-113.940419
8,8/29/2014,Biomass,46.57524,-113.82969
8,5/22/2014,Pellet,46.465644,-113.939794
8,5/22/2014,Forage,46.466426,-113.938543
9,6/4/2014,Pellet,46.68795,-114.10985
9,6/4/2014,Forage,46.68795,-114.10985
10,8/29/2014,Biomass,46.57791,-113.82738
10,6/4/2014,Pellet,46.4431,-113.92924
10,6/4/2014,Forage,46.4431,-113.92924
11,8/29/2014,Biomass,46.57806,-113.83122
11,6/4/2014,Pellet,46.49705,-113.92995
11,6/4/2014,Forage,46.49705,-113.92995
12,8/29/2014,Biomass,46.57597,-113.83202
12,6/6/2014,Pellet,46.70649,-114.03998
12,6/6/2014,Forage,46.70649,-114.03998
13,6/18/2014,Pellet,46.70661,-114.09929
13,6/18/2014,Forage,46.70661,-114.09924
14,6/18/2014,Pellet,46.7151,-114.05221
14,6/18/2014,Forage,46.7151,-114.05221
15,6/18/2014,Pellet,46.84587,-113.87551
15,6/18/2014,Forage,46.84587,-113.87551
16,7/23/2015,Biomass,46.46618,-113.84541
16,6/18/2014,Pellet,46.50175,-113.92716
16,6/18/2014,Forage,46.52398,-113.9144
17,7/23/2015,Biomass,46.46541,-113.84467
17,6/19/2014,Pellet,46.70725,-114.03912
17,6/19/2014,Forage,46.70725,-114.03912
18,7/23/2015,Biomass,46.46559,-113.84296
18,6/19/2014,Pellet,46.71947,-113.99387
18,6/19/2014,Forage,46.71947,-113.99387
19,7/23/2015,Biomass,46.46484,-113.844
19,7/1/2014,Pellet,46.69303,-114.10265
19,7/1/2014,Forage,46.69303,-114.10265
20,7/21/2015,Biomass,46.75143,-113.88459
20,7/1/2014,Pellet,46.71148,-114.04081
20,7/1/2014,Forage,46.71148,-114.04081
21,7/21/2015,Biomass,46.74842,-113.88261
21,7/1/2014,Pellet,46.70735,-114.05083
21,7/1/2014,Forage,46.70735,-114.05083
22,7/21/2015,Biomass,46.75237,-113.88403
22,7/1/2014,Pellet,46.8241,-113.90193
22,7/1/2014,Forage,46.8241,-113.90193
23,7/1/2014,Pellet,46.47472,-113.90409
23,7/1/2014,Forage,46.47472,-113.90409
24,7/21/2015,Biomass,46.74804,-113.88482
24,7/14/2014,Pellet,46.67875,-113.83029
24,7/14/2014,Forage,46.67875,-113.83029
25,8/28/2014,Biomass,46.75571,-113.84053
25,7/14/2014,Pellet,46.82145,-113.90024
25,7/14/2014,Forage,46.82217,-113.9006
26,8/28/2014,Biomass,46.75592,-113.84168
26,7/15/2014,Pellet,46.5397,-113.9413
26,7/15/2014,Forage,46.54084,-113.94509
27,8/28/2014,Biomass,46.75481,-113.84254
27,7/15/2014,Pellet,46.74208,-113.97933
27,7/15/2014,Forage,46.74556,-113.98365
28,8/28/2014,Biomass,46.75267,-113.84751
28,7/30/2014,Pellet,46.70837,-114.03807
28,7/30/2014,Forage,46.70837,-114.03807
29,8/28/2014,Biomass,46.75507,-113.84368
29,7/30/2014,Pellet,46.69172,-114.10612
29,7/30/2014,Forage,46.69172,-114.10612
30,7/31/2014,Pellet,46.66803,-113.95937
30,7/31/2014,Forage,46.66803,-113.95937
31,7/31/2014,Pellet,46.71269,-113.94581
31,7/31/2014,Forage,NA,NA
32,8/14/2014,Pellet,46.6859,-114.03638
32,8/14/2014,Forage,46.6859,-114.03638
33,8/14/2014,Pellet,46.72954,-114.10205
33,8/14/2014,Forage,46.72954,-114.10205
34,8/14/2014,Pellet,46.78749,-113.84583
34,8/14/2014,Forage,46.78749,-113.84583
35,8/20/2015,Biomass,46.75543,-113.89018
35,8/15/2014,Pellet,46.66786,-113.95663
35,8/15/2014,Forage,46.66786,-113.95663
36,8/20/2015,Biomass,46.75427,-113.89183
36,8/27/2014,Pellet,46.45443,-113.87969
36,8/27/2014,Forage,46.45443,-113.87969
37,8/20/2015,Biomass,46.75664,-113.88744
37,8/27/2014,Pellet,46.68645,-114.03596
37,8/27/2014,Forage,46.68645,-114.03596
38,8/27/2014,Pellet,46.70657,-114.11369
38,8/27/2014,Forage,46.70657,-114.11369
39,8/20/2015,Biomass,46.75302,-113.88892
39,8/29/2014,Pellet,46.80849,-113.87782
39,8/29/2014,Forage,46.80849,-113.87782
40,8/19/2015,Biomass,46.32041,-113.89397
40,9/10/2014,Pellet,46.47142,-113.94802
40,9/10/2014,Forage,46.47142,-113.94802
41,8/19/2015,Biomass,46.3187,-113.89884
41,9/11/2014,Pellet,46.6701,-114.01886
41,9/11/2014,Forage,46.6701,-114.01886
42,8/19/2015,Biomass,46.31865,-113.89635
42,9/12/2014,Pellet,46.69145,-114.12659
42,9/12/2014,Forage,46.69145,-114.12659
43,8/19/2015,Biomass,46.31702,-113.90178
43,9/12/2014,Pellet,46.68916,-113.949
43,9/12/2014,Forage,46.68916,-113.949
44,9/25/2014,Pellet,46.46552,-113.84045
44,9/25/2014,Forage,46.46552,-113.84045
45,9/25/2014,Pellet,46.76622,-113.83851
45,9/25/2014,Forage,46.76622,-113.83851
46,9/26/2014,Pellet,46.6886,-114.12859
46,9/26/2014,Forage,46.68845,-114.12916
47,9/26/2014,Pellet,46.7062,-113.99543
47,9/26/2014,Forage,46.7062,-113.99543
48,10/9/2014,Pellet,46.44165,-113.93928
48,10/9/2014,Forage,46.44165,-113.93928
49,10/9/2014,Pellet,46.77915,-113.82232
49,10/9/2014,Forage,46.77915,-113.82232
50,10/9/2014,Pellet,46.72793,-114.05669
50,10/10/2014,Forage,46.70599,-114.04497
51,10/10/2014,Pellet,46.68783,-114.11618
51,10/10/2014,Forage,46.68783,-114.11618
66,8/19/2014,Biomass,46.72836,-113.8046
68,8/22/2014,Biomass,46.72944,-113.80245
69,8/19/2014,Biomass,46.73069,-113.79951
70,8/19/2014,Biomass,46.73029,-113.80087
71,7/18/2014,Biomass,46.47168,-113.90021
72,7/16/2014,Biomass,46.47109,-113.90275
73,7/15/2014,Biomass,46.47003,-113.90546
74,7/16/2014,Biomass,46.46745,-113.90321
75,7/18/2014,Biomass,46.47018,-113.89885
91,7/20/2015,Biomass,46.75959,-114.00965
92,7/20/2015,Biomass,46.76003,-114.01147
93,7/20/2015,Biomass,46.75769,-114.00597
94,7/20/2015,Biomass,46.75998,-114.00498
95,7/20/2015,Biomass,46.76011,-114.00355
101,5/7/2015,Pellet,46.86375,-113.90108
101,5/7/2015,Forage,46.86375,-113.90108
102,5/7/2015,Pellet,46.70679,-114.09685
102,5/7/2015,Forage,46.70679,-114.09685
103,5/8/2015,Pellet,46.70473,-114.03889
103,5/8/2015,Forage,46.70473,-114.03889
104,5/8/2015,Pellet,46.53763,-113.93481
104,5/8/2015,Forage,46.53763,-113.93481
105,5/19/2015,Pellet,46.71381,-113.97131
105,5/19/2015,Forage,46.71381,-113.97131
106,8/22/2014,Biomass,46.69669,-113.75302
106,5/21/2015,Pellet,46.69392,-114.10282
106,5/21/2015,Forage,46.69392,-114.10282
107,5/21/2015,Pellet,46.43626,-113.93518
107,5/21/2015,Forage,46.43626,-113.93518
108,8/22/2014,Biomass,46.69677,-113.75497
108,5/22/2015,Pellet,46.65237,-113.87122
108,5/22/2015,Forage,46.65237,-113.87122
109,8/22/2014,Biomass,46.69764,-113.75593
109,5/22/2015,Pellet,46.68716,-114.03575
109,5/22/2015,Forage,46.68716,-114.03575
110,6/2/2015,Pellet,46.72835,-114.00907
110,6/2/2015,Forage,46.72835,-114.00907
111,6/4/2015,Pellet,46.81268,-113.87463
111,6/4/2015,Forage,46.81268,-113.87463
112,6/4/2015,Pellet,46.45262,-113.86921
112,6/4/2015,Forage,46.45262,-113.86921
113,6/5/2015,Pellet,46.7068,-114.09718
113,6/5/2015,Forage,46.7068,-114.09718
114,6/17/2015,Pellet,46.74029,-113.92977
114,6/17/2015,Forage,46.74029,-113.92977
115,6/18/2015,Pellet,46.66915,-113.82777
115,6/18/2015,Forage,46.66915,-113.82777
116,6/18/2015,Pellet,46.70556,-114.09781
116,6/18/2015,Forage,46.70556,-114.09781
117,6/18/2015,Pellet,46.70924,-114.07183
117,6/18/2015,Forage,46.70924,-114.07183
118,6/29/2015,Pellet,46.70555,-114.09773
118,6/29/2015,Forage,46.70555,-114.09773
119,6/29/2015,Pellet,46.80202,-113.85594
119,6/29/2015,Forage,46.80202,-113.85594
120,6/30/2015,Pellet,46.71512,-113.95922
120,6/30/2015,Forage,46.71512,-113.95922
121,6/30/2015,Pellet,46.74287,-113.93666
121,6/30/2015,Forage,46.74287,-113.93666
122,7/22/2015,Biomass,46.71025,-113.89076
122,6/30/2015,Pellet,46.72747,-113.92379
122,6/30/2015,Forage,46.72747,-113.92379
123,7/22/2015,Biomass,46.70776,-113.89333
123,7/16/2015,Pellet,46.68902,-114.12883
123,7/16/2015,Forage,46.68902,-114.12883
124,7/22/2015,Biomass,46.7101,-113.88985
124,7/16/2015,Pellet,46.67085,-113.94889
124,7/16/2015,Forage,46.67085,-113.94889
125,7/22/2015,Biomass,46.70846,-113.89109
125,7/16/2015,Pellet,46.80575,-113.87757
125,7/16/2015,Forage,46.80575,-113.87757
126,7/16/2015,Pellet,46.47988,-113.88911
126,7/16/2015,Forage,46.47988,-113.88911
127,7/30/2015,Pellet,46.70464,-114.10303
127,7/30/2015,Forage,46.70464,-114.10303
128,7/30/2015,Pellet,46.67968,-113.87627
128,7/30/2015,Forage,46.67968,-113.87627
129,7/31/2015,Pellet,46.78322,-113.85368
129,7/31/2015,Forage,46.78322,-113.85368
130,7/31/2015,Pellet,46.47389,-113.90287
130,7/31/2015,Forage,46.47389,-113.90287
131,8/20/2015,Biomass,46.44442,-113.9044
131,7/31/2015,Pellet,46.75569,-113.95672
131,7/31/2015,Forage,46.75569,-113.95672
132,8/20/2015,Biomass,46.43963,-113.91031
132,8/13/2015,Pellet,46.80851,-113.88476
132,8/13/2015,Forage,46.80851,-113.88476
133,8/20/2015,Biomass,46.44043,-113.90961
133,8/13/2015,Pellet,46.75736,-113.85785
133,8/13/2015,Forage,46.75736,-113.85785
134,8/20/2015,Biomass,46.44423,-113.90306
134,8/13/2015,Pellet,46.70002,-113.99719
134,8/13/2015,Forage,46.70002,-113.99719
135,8/20/2015,Biomass,46.44241,-113.90115
135,8/13/2015,Pellet,46.7061,-114.10089
135,8/13/2015,Forage,46.7061,-114.10089
136,8/27/2015,Pellet,46.8152,-113.82493
136,8/27/2015,Forage,46.8152,-113.82493
137,8/27/2015,Pellet,46.79952,-113.90181
137,8/27/2015,Forage,46.79952,-113.90181
138,8/27/2015,Pellet,46.67762,-114.01554
138,8/27/2015,Forage,46.67762,-114.01554
139,8/27/2015,Pellet,46.44501,-113.93647
139,8/27/2015,Forage,46.44501,-113.93647
140,9/10/2015,Pellet,46.67389,-114.0245
140,9/10/2015,Forage,46.67389,-114.0245
141,8/20/2014,Biomass,46.72977,-113.76678
141,9/10/2015,Pellet,46.68808,-114.11503
141,9/10/2015,Forage,46.68808,-114.11503
142,9/11/2015,Pellet,46.79442,-113.76189
142,9/11/2015,Forage,46.79442,-113.76189
143,9/11/2015,Pellet,46.72363,-113.84372
143,9/11/2015,Forage,46.72363,-113.84372
144,8/20/2014,Biomass,46.73064,-113.76451
144,9/24/2015,Pellet,46.8339,-113.85265
144,9/24/2015,Forage,46.8339,-113.85265
145,8/20/2014,Biomass,46.72842,-113.76938
145,9/24/2015,Pellet,46.66974,-114.02115
145,9/24/2015,Forage,46.66974,-114.02115
146,7/22/2014,Biomass,46.82685,-113.92958
146,9/24/2015,Pellet,46.70864,-113.96675
146,9/24/2015,Forage,46.70864,-113.96675
147,7/16/2014,Biomass,46.82719,-113.92465
147,9/24/2015,Pellet,46.46943,-113.92126
147,9/24/2015,Forage,46.46943,-113.92126
148,7/22/2014,Biomass,46.82853,-113.93294
148,10/6/2015,Pellet,46.70978,-113.9809
148,10/6/2015,Forage,46.70978,-113.9809
149,7/22/2014,Biomass,46.82486,-113.93153
149,10/7/2015,Pellet,46.78766,-113.84646
149,10/7/2015,Forage,46.78766,-113.84646
150,7/22/2014,Biomass,46.83824,-113.92753
150,10/7/2015,Pellet,46.83694,-113.88317
150,10/7/2015,Forage,46.83694,-113.88317
151,8/18/2015,Biomass,46.60257,-113.90403
151,10/8/2015,Pellet,46.46453,-113.91847
151,10/8/2015,Forage,46.46453,-113.91847
152,10/8/2015,Pellet,46.68201,-114.07512
152,10/8/2015,Forage,46.68201,-114.07512
153,8/18/2015,Biomass,46.60326,-113.90753
154,8/18/2015,Biomass,46.60359,-113.90408
161,8/4/2014,Biomass,46.82724,-113.94535
162,8/4/2014,Biomass,46.82912,-113.94309
164,8/4/2014,Biomass,46.83067,-113.94137
165,8/4/2014,Biomass,46.82622,-113.94515
171,8/22/2014,Biomass,46.764,-113.72813
172,8/12/2014,Biomass,46.76244,-113.73286
173,8/22/2014,Biomass,46.76221,-113.72764
174,8/12/2014,Biomass,46.76221,-113.73434
175,8/22/2014,Biomass,46.75914,-113.73231
176,8/18/2015,Biomass,46.85037,-113.89031
179,8/18/2015,Biomass,46.85001,-113.89094
191,8/4/2015,Biomass,46.50952,-113.85642
192,8/4/2015,Biomass,46.51348,-113.86186
193,8/4/2015,Biomass,46.50922,-113.85912
194,8/3/2015,Biomass,46.51368,-113.85712
195,8/4/2015,Biomass,46.51026,-113.85789
206,8/26/2014,Biomass,46.76406,-113.88225
207,8/26/2014,Biomass,46.75041,-113.88361
208,8/26/2014,Biomass,46.76282,-113.88194
209,8/26/2014,Biomass,46.76299,-113.87981
210,8/26/2014,Biomass,46.75955,-113.88116
216,8/3/2015,Biomass,46.71538,-113.74931
217,8/3/2015,Biomass,46.71454,-113.74426
218,8/3/2015,Biomass,46.71438,-113.7466
220,8/3/2015,Biomass,46.71367,-113.74107
221,8/28/2015,Biomass,46.64315,-113.76135
222,8/28/2015,Biomass,46.64297,-113.76458
223,8/28/2015,Biomass,46.64416,-113.76387
224,8/28/2015,Biomass,46.64323,-113.76298
231,8/19/2015,Biomass,46.32373,-113.89344
232,8/19/2015,Biomass,46.32465,-113.88433
233,8/19/2015,Biomass,46.32622,-113.88708
234,8/19/2015,Biomass,46.3257,-113.89254
235,8/19/2015,Biomass,46.32475,-113.89033
237,8/29/2014,Biomass,46.2986,-113.8753
238,8/29/2014,Biomass,46.3009,-113.87283
239,8/29/2014,Biomass,46.29751,-113.87439
240,8/29/2014,Biomass,46.29958,-113.87552
244,7/24/2014,Biomass,46.53373,-113.84006
245,7/24/2014,Biomass,46.5352,-113.83706
246,7/24/2014,Biomass,46.53429,-113.83549
265,7/24/2014,Biomass,46.53503,-113.83635
266,7/24/2014,Biomass,46.53437,-113.83934
267,7/24/2014,Biomass,46.53641,-113.84325
268,7/29/2014,Biomass,46.53565,-113.83601
269,7/29/2014,Biomass,46.53553,-113.83736
270,8/6/2015,Biomass,46.43407,-113.88264
279,8/31/2015,Biomass,46.71571,-114.05119
280,8/31/2015,Biomass,46.71033,-114.04875
281,8/21/2015,Biomass,46.70929,-114.04823
282,8/21/2015,Biomass,46.71202,-114.05093
283,8/21/2015,Biomass,46.71463,-114.05174
284,7/16/2015,Biomass,46.67134,-114.04623
285,7/16/2015,Biomass,46.67068,-114.04744
286,8/17/2015,Biomass,46.56088,-114.09387
287,8/17/2015,Biomass,46.55975,-114.09467
288,8/17/2015,Biomass,46.56188,-114.09169
289,8/17/2015,Biomass,46.56226,-114.08987
290,8/14/2014,Biomass,46.58047,-114.06964
291,8/14/2014,Biomass,46.56311,-114.09344
292,8/14/2014,Biomass,46.58041,-114.06763
293,8/17/2015,Biomass,46.57625,-114.06801
294,8/14/2014,Biomass,46.56623,-114.08849
300,7/17/2014,Biomass,46.85456,-113.88437
301,7/17/2014,Biomass,46.85576,-113.88226
302,7/22/2014,Biomass,46.85487,-113.88049
303,7/17/2014,Biomass,46.85896,-113.8836
304,7/17/2014,Biomass,46.85752,-113.88326
305,8/4/2014,Biomass,46.81895,-114.01316
306,8/4/2014,Biomass,46.81926,-114.00811
307,8/4/2014,Biomass,46.8189,-114.00503
308,8/4/2014,Biomass,46.81803,-114.00515
309,8/4/2014,Biomass,46.81756,-114.01095
310,8/11/2014,Biomass,46.74095,-114.03402
311,8/11/2014,Biomass,46.74438,-114.03027
312,8/11/2014,Biomass,46.74489,-114.03087
313,8/11/2014,Biomass,46.73975,-114.03489
314,8/11/2014,Biomass,46.73979,-114.03214
315,8/25/2014,Biomass,46.60107,-113.93311
316,8/25/2014,Biomass,46.60118,-113.93414
318,8/25/2014,Biomass,46.60221,-113.93151
319,8/25/2014,Biomass,46.60287,-113.93461
322,6/9/2014,Phenology,46.55935,-113.93347
322,6/30/2014,Phenology,46.55931,-113.93343
322,9/4/2014,Phenology,46.55929,-113.93347
323,6/9/2014,Phenology,46.56231,-113.93115
323,6/30/2014,Phenology,46.56235,-113.93132
323,9/4/2014,Phenology,46.56236,-113.93118
325,8/12/2014,Biomass,46.73423,-114.0443
325,5/27/2014,Phenology,46.73416,-114.04424
325,6/16/2014,Phenology,46.7341,-114.0443
325,7/10/2014,Phenology,46.73384,-114.04421
325,8/12/2014,Phenology,46.73423,-114.0443
325,9/3/2014,Phenology,46.7342,-114.04419
325,9/22/2014,Phenology,46.73427,-114.04416
325,5/25/2015,Phenology,46.73433,-114.0443
325,6/15/2015,Phenology,46.73513,-114.04433
325,7/6/2015,Phenology,46.73444,-114.04447
325,8/5/2015,Phenology,46.73476,-114.04418
325,9/11/2015,Phenology,46.73437,-114.04459
325,9/23/2015,Phenology,46.73497,-114.04446
326,8/12/2014,Biomass,46.73131,-114.04638
326,5/20/2014,Phenology,46.73136,-114.04718
326,6/16/2014,Phenology,46.73125,-114.04698
326,7/10/2014,Phenology,46.73114,-114.04684
326,8/12/2014,Phenology,46.73131,-114.04638
326,9/3/2014,Phenology,46.73128,-114.04642
326,9/22/2014,Phenology,46.73129,-114.04602
326,5/25/2015,Phenology,46.43878,-114.02847
326,6/15/2015,Phenology,46.73121,-114.04745
326,7/6/2015,Phenology,46.73127,-114.04739
326,8/5/2015,Phenology,46.7313,-114.04746
326,9/11/2015,Phenology,46.73127,-114.04668
326,9/23/2015,Phenology,46.73131,-113.0463
327,8/12/2014,Biomass,46.73249,-114.04685
328,8/12/2014,Biomass,46.73017,-114.0434
329,8/12/2014,Biomass,46.73307,-114.04445
330,7/23/2014,Biomass,46.67785,-113.9848
331,7/21/2014,Biomass,46.67797,-113.99229
332,7/23/2014,Biomass,46.67725,-113.9901
333,7/23/2014,Biomass,46.67916,-113.99017
334,7/23/2014,Biomass,46.67994,-113.98594
335,7/21/2014,Biomass,46.58601,-113.91708
336,7/21/2014,Biomass,46.58572,-113.91917
337,7/21/2014,Biomass,46.58648,-113.92349
338,7/21/2014,Biomass,46.58517,-113.91833
339,7/21/2014,Biomass,46.58248,-113.91828
340,8/13/2014,Biomass,46.84142,-113.96408
340,5/21/2014,Phenology,46.84127,-113.96401
340,6/16/2014,Phenology,46.84126,-113.9641
340,7/10/2014,Phenology,46.84137,-113.96417
340,8/13/2014,Phenology,46.84142,-113.96408
340,9/3/2014,Phenology,46.84122,-113.96413
340,9/22/2014,Phenology,46.84123,-113.96412
340,5/27/2015,Phenology,46.84117,-113.96439
340,6/16/2015,Phenology,46.84111,-113.96444
340,7/6/2015,Phenology,46.84105,-113.96443
340,8/7/2015,Phenology,46.84105,-113.95497
340,9/9/2015,Phenology,46.84108,-113.96459
340,9/23/2015,Phenology,46.84123,-113.96467
341,8/13/2014,Biomass,46.83897,-113.96428
342,8/13/2014,Biomass,46.84326,-113.96555
343,8/13/2014,Biomass,46.84142,-113.96652
344,8/13/2014,Biomass,46.84119,-113.96618
344,5/21/2014,Phenology,46.84126,-113.9663
344,6/16/2014,Phenology,46.84116,-113.96613
344,7/10/2014,Phenology,46.84121,-113.96613
344,8/13/2014,Phenology,46.84119,-113.96618
344,9/3/2014,Phenology,46.84124,-113.96619
344,9/22/2014,Phenology,46.84115,-113.96631
344,5/27/2015,Phenology,46.84122,-113.96622
344,6/16/2015,Phenology,46.84117,-113.96619
344,7/6/2015,Phenology,46.84121,-113.96624
344,8/7/2015,Phenology,46.84121,-113.96618
344,9/9/2015,Phenology,46.84119,-113.96623
344,9/23/2015,Phenology,46.84148,-113.96632
345,7/23/2015,Biomass,46.74979,-113.9958
346,7/23/2015,Biomass,46.74811,-113.99476
347,7/23/2015,Biomass,46.74886,-113.99039
348,7/23/2015,Biomass,46.774878,-113.99663
349,7/23/2015,Biomass,46.74932,-113.99974
359,7/23/2014,Biomass,46.54897,-113.92075
360,7/23/2014,Biomass,46.54829,-113.91525
361,7/23/2014,Biomass,46.54881,-113.91163
362,7/23/2014,Biomass,46.54768,-113.91892
363,7/23/2014,Biomass,46.55149,-113.91377
364,8/18/2014,Biomass,46.53974,-113.90571
364,5/26/2014,Phenology,46.53965,-113.90561
364,6/16/2014,Phenology,46.53973,-113.90564
364,7/9/2014,Phenology,46.53983,-113.90572
364,8/18/2014,Phenology,46.53974,-113.90571
364,9/3/2014,Phenology,46.53972,-113.90562
364,9/22/2014,Phenology,46.53968,-113.90581
364,5/26/2015,Phenology,46.54071,-113.90608
364,6/17/2015,Phenology,46.54065,-113.90629
364,7/7/2015,Phenology,46.53964,-113.90565
364,8/6/2015,Phenology,46.53951,-113.90578
364,9/9/2015,Phenology,46.53953,-113.90575
364,9/23/2015,Phenology,46.5397,-113.90573
366,8/18/2014,Biomass,46.53877,-113.90142
367,8/18/2014,Biomass,46.54051,-113.90769
367,5/26/2014,Phenology,46.5405,-113.90747
367,6/16/2014,Phenology,46.54047,-113.90749
367,7/9/2014,Phenology,46.54052,-113.90768
367,8/18/2014,Phenology,46.54051,-113.90769
367,9/3/2014,Phenology,46.54046,-113.90775
367,9/22/2014,Phenology,46.54051,-113.90759
367,5/26/2015,Phenology,46.54037,-113.90759
367,6/17/2015,Phenology,46.54086,-113.90745
367,7/7/2015,Phenology,46.54054,-113.90762
367,8/6/2015,Phenology,46.54042,-113.90758
367,9/9/2015,Phenology,46.54045,-113.90769
367,9/23/2015,Phenology,46.54044,-113.90762
368,8/18/2014,Biomass,46.53994,-113.90354
369,7/23/2014,Biomass,46.55111,-113.91043
370,7/23/2014,Biomass,46.54789,-113.90875
371,7/23/2014,Biomass,46.55131,-113.91312
372,7/23/2014,Biomass,46.54943,-113.91152
373,7/23/2014,Biomass,46.55038,-113.91436
374,7/18/2014,Biomass,46.49702,-113.95142
375,7/17/2014,Biomass,46.49302,-113.95524
376,7/17/2014,Biomass,46.49224,-113.95683
377,7/17/2014,Biomass,46.4953,-113.95357
378,7/18/2014,Biomass,46.49699,-113.95315
379,7/15/2015,Biomass,46.5325,-113.92049
380,7/15/2015,Biomass,46.53278,-113.91516
381,7/15/2015,Biomass,46.53472,-113.91675
382,7/15/2015,Biomass,46.53599,-113.91744
383,7/15/2015,Biomass,46.53245,-113.91562
384,8/5/2015,Biomass,46.59157,-113.90462
385,8/5/2015,Biomass,46.58943,-113.90398
386,8/5/2015,Biomass,46.59114,-113.90322
387,8/5/2015,Biomass,46.59042,-113.90754
401,7/18/2014,Biomass,46.49725,-113.94418
402,7/18/2014,Biomass,46.49677,-113.93938
425,8/27/2014,Biomass,46.7585,-113.84092
426,8/27/2014,Biomass,46.75075,-113.83784
427,8/27/2014,Biomass,46.74941,-113.84135
428,8/27/2014,Biomass,46.74943,-113.84239
429,8/27/2014,Biomass,46.74632,-113.84281
430,7/24/2015,Biomass,46.5074,-113.84422
431,7/24/2015,Biomass,46.50759,-113.8444
432,7/24/2015,Biomass,46.50798,-113.84262
444,7/24/2015,Biomass,46.73114,-113.70055
445,7/24/2015,Biomass,46.73228,-113.70097
446,7/24/2015,Biomass,46.73322,-113.70151
447,8/28/2014,Biomass,46.61642,-113.63516
448,8/28/2014,Biomass,46.6153,-113.63059
449,8/28/2014,Biomass,46.61782,-113.63422
450,8/28/2014,Biomass,46.61702,-113.63814
459,8/22/2014,Biomass,46.82028,-113.91412
460,8/7/2014,Biomass,46.82284,-113.91335
461,8/15/2014,Biomass,46.819,-113.90859
462,8/7/2014,Biomass,46.82254,-113.91258
464,8/12/2014,Biomass,46.76073,-113.73788
465,8/12/2014,Biomass,46.76154,-113.73825
466,8/12/2014,Biomass,46.7605,-113.7393
467,8/12/2014,Biomass,46.76041,-113.73573
468,8/12/2014,Biomass,46.76163,-113.73489
473,7/21/2014,Biomass,46.57777,-113.92081
475,7/30/2015,Biomass,46.57814,-113.65923
476,7/30/2015,Biomass,46.58175,-113.66869
477,7/30/2015,Biomass,46.58088,-113.66564
481,8/5/2014,Biomass,46.73917,-113.98021
482,8/5/2014,Biomass,46.73969,-113.98071
483,8/5/2014,Biomass,46.73936,-113.98192
484,8/5/2014,Biomass,46.74014,-113.98495
485,8/5/2014,Biomass,46.74152,-113.9774
486,8/18/2015,Biomass,46.60152,-113.990417
488,8/18/2015,Biomass,46.60317,-113.9015
493,8/18/2015,Biomass,46.58965,-113.90775
495,8/5/2014,Biomass,46.74679,-113.98418
496,8/5/2014,Biomass,46.74615,-113.98574
497,8/5/2014,Biomass,46.74657,-113.98277
498,7/31/2014,Biomass,46.7472,-113.98119
499,7/31/2014,Biomass,46.74732,-113.97998
505,7/17/2015,Biomass,46.53762,-113.89822
506,7/17/2015,Biomass,46.53889,-113.8961
507,7/17/2015,Biomass,46.53764,-113.89694
508,7/17/2015,Biomass,46.53909,-113.90083
509,8/26/2014,Biomass,46.51624,-113.85493
511,8/26/2014,Biomass,46.51777,-113.85619
512,8/26/2014,Biomass,46.51742,-113.85475
513,7/23/2014,Biomass,46.54398,-113.91036
514,7/23/2014,Biomass,46.54458,-113.91607
516,7/23/2014,Biomass,46.5446,-113.91216
522,8/28/2015,Biomass,46.72833,-113.74938
523,8/28/2015,Biomass,46.72587,-113.74698
524,8/28/2015,Biomass,46.72834,-113.75127
525,8/28/2015,Biomass,46.72822,-113.75302
527,8/6/2014,Biomass,46.74827,-113.96684
528,8/6/2014,Biomass,46.74951,-113.96599
529,8/6/2014,Biomass,46.7507,-113.9675
530,8/6/2014,Biomass,46.74771,-113.96889
538,8/21/2015,Biomass,46.57748,-113.82243
539,8/21/2015,Biomass,46.57577,-113.82141
540,8/21/2015,Biomass,46.57821,-113.82389
541,8/21/2015,Biomass,46.57525,-113.82282
548,7/27/2015,Biomass,46.39939,-113.69759
550,7/27/2015,Biomass,46.40055,-113.70197
551,7/28/2015,Biomass,46.39515,-113.68675
552,7/28/2015,Biomass,46.39211,-113.68392
554,7/28/2015,Biomass,46.39322,-113.68607
567,8/19/2014,Biomass,46.69502,-113.79082
569,8/19/2014,Biomass,46.69308,-113.79242
570,8/19/2014,Biomass,46.69244,-113.79308
571,8/19/2014,Biomass,46.69403,-113.79182
573,8/25/2014,Biomass,46.71914,-113.9757
575,8/25/2014,Biomass,46.71821,-113.97449
577,8/20/2014,Biomass,46.70814,-113.90885
580,8/20/2014,Biomass,46.70451,-113.90204
581,8/20/2014,Biomass,46.7091,-113.30765
592,8/21/2014,Biomass,46.76399,-113.81277
593,8/21/2014,Biomass,46.76358,-113.81435
594,8/21/2014,Biomass,46.76436,-113.80945
595,8/21/2014,Biomass,46.76432,-113.80847
605,8/18/2014,Biomass,46.76273,-113.82808
606,8/18/2014,Biomass,46.7625,-113.82589
608,8/18/2014,Biomass,46.76194,-113.82991
609,8/18/2014,Biomass,46.76238,-113.82884
613,8/31/2015,Biomass,46.39318,-113.89605
614,8/31/2015,Biomass,46.39439,-113.89897
616,8/14/2014,Biomass,46.60109,-113.85754
617,8/13/2014,Biomass,46.60125,-113.85363
618,8/13/2014,Biomass,46.59825,-113.85924
619,8/13/2014,Biomass,46.60167,-113.8606
620,7/29/2015,Biomass,46.43931,-113.74721
621,7/29/2015,Biomass,46.43592,-113.74487
623,7/29/2015,Biomass,46.43835,-113.74619
628,7/20/2015,Biomass,46.75603,-114.00861
629,7/20/2015,Biomass,46.7582,-114.00845
630,7/20/2015,Biomass,46.75541,-114.0089
631,7/20/2015,Biomass,46.75809,-114.01042
632,8/25/2014,Biomass,46.67671,-113.76788
633,8/25/2014,Biomass,46.67685,-113.76868
634,8/25/2014,Biomass,46.67739,-113.77011
635,8/25/2014,Biomass,46.67337,-113.76349
646,8/15/2014,Biomass,46.81871,-113.90606
648,8/15/2014,Biomass,46.81787,-113.90259
649,8/15/2014,Biomass,46.82209,-113.91245
658,8/27/2015,Biomass,46.46227,-113.91527
659,8/27/2015,Biomass,46.46587,-113.9144
660,8/27/2015,Biomass,46.46275,-113.91473
671,7/16/2014,Biomass,46.46879,-113.90339
672,7/15/2014,Biomass,46.47178,-113.90588
673,7/15/2014,Biomass,46.47136,-113.90338
674,7/16/2014,Biomass,46.47029,-113.90378
675,7/15/2014,Biomass,46.47511,-113.90041
676,7/15/2014,Biomass,46.47388,-113.89763
677,7/15/2014,Biomass,46.47257,-113.89734
678,7/15/2014,Biomass,46.47577,-113.89534
680,8/7/2015,Biomass,46.66162,-113.84113
680,7/9/2014,Phenology,46.66172,-113.84101
680,9/4/2014,Phenology,46.66168,-113.84107
680,9/23/2014,Phenology,46.66159,-113.84119
680,6/1/2015,Phenology,46.66152,-113.84124
680,6/17/2015,Phenology,46.66145,-113.84138
680,7/2/2015,Phenology,46.66164,-113.84109
680,8/7/2015,Phenology,46.66162,-113.84113
680,9/9/2015,Phenology,46.66157,-113.84113
680,9/23/2015,Phenology,46.66156,-113.84119
681,8/7/2015,Biomass,46.47948,-113.90023
681,6/23/2014,Phenology,46.47952,-113.90017
681,7/10/2014,Phenology,46.47952,-113.90019
681,9/4/2014,Phenology,46.48007,-113.9001
681,9/23/2014,Phenology,46.47942,-113.90022
681,5/28/2015,Phenology,46.47952,-113.9002
681,6/16/2015,Phenology,46.47949,-113.90022
681,7/3/2015,Phenology,46.47948,-113.90025
681,8/7/2015,Phenology,46.47948,-113.90023
681,9/9/2015,Phenology,46.47948,-113.90025
681,9/23/2015,Phenology,46.47951,-113.90017
682,7/15/2015,Biomass,46.69076,-113.98753
682,5/20/2015,Phenology,46.69057,-113.98768
682,6/15/2015,Phenology,46.69077,-113.9876
682,7/2/2015,Phenology,46.69082,-113.98754
682,7/15/2015,Phenology,46.69076,-113.98753
682,9/9/2015,Phenology,46.69057,-113.98795
682,9/23/2015,Phenology,46.69087,-113.9875
683,7/15/2015,Biomass,46.69654,-113.98652
684,7/15/2015,Biomass,46.79721,-113.98616
685,7/15/2015,Biomass,46.69594,-113.987787
686,7/15/2015,Biomass,46.69015,-113.98923
686,5/20/2015,Phenology,46.68989,-113.9894
686,6/15/2015,Phenology,46.69022,-113.98927
686,7/2/2015,Phenology,46.69028,-113.98894
686,7/15/2015,Phenology,46.69015,-113.98923
686,9/9/2015,Phenology,46.68994,-113.98943
686,9/23/2015,Phenology,46.69026,-113.98891
690,8/25/2015,Biomass,46.69543,-113.98164
691,8/25/2015,Biomass,46.69527,-113.9794
692,8/25/2015,Biomass,46.69859,-113.98097
693,8/25/2015,Biomass,46.6964,-113.97946
694,8/25/2015,Biomass,46.6974,-113.98276
695,8/25/2015,Biomass,46.70141,-113.99933
696,8/25/2015,Biomass,46.70232,-113.99872
697,8/25/2015,Biomass,46.69898,-113.99938
698,8/25/2015,Biomass,46.69907,-113.99992
699,8/25/2015,Biomass,46.69914,-114.0002
700,7/28/2014,Biomass,46.00791,-114.0382
701,7/29/2014,Biomass,46.00204,-114.03886
702,7/29/2014,Biomass,46.0072,-114.03786
703,7/29/2014,Biomass,46.00219,-114.0345
709,7/30/2014,Biomass,45.97632,-114.0332
711,7/30/2014,Biomass,45.97599,-114.03381
712,7/30/2014,Biomass,45.97337,-114.03531
713,7/29/2014,Biomass,45.97512,-114.02995
719,7/29/2014,Biomass,46.00475,-114.03681
720,7/29/2014,Biomass,45.99997,-114.03149
722,7/29/2014,Biomass,46.00112,-114.03711
723,7/28/2014,Biomass,46.00322,-114.02902
724,8/12/2015,Biomass,45.96105,-113.99289
725,8/12/2015,Biomass,45.96274,-113.99464
726,8/12/2015,Biomass,45.96098,-113.99016
727,8/12/2015,Biomass,46.96177,-113.99775
728,8/12/2015,Biomass,45.95926,-113.99715
734,8/27/2014,Biomass,46.66298,-113.81784
736,8/27/2014,Biomass,46.66279,-113.81516
789,8/21/2014,Biomass,46.1199,-114.02909
790,8/21/2014,Biomass,46.11963,-114.02577
791,8/21/2014,Biomass,46.11875,-114.02837
793,8/21/2014,Biomass,46.11995,-114.02791
794,7/31/2014,Biomass,45.9603,-113.95188
795,7/31/2014,Biomass,45.95848,-113.95455
796,7/31/2014,Biomass,45.96429,-113.95483
797,7/30/2014,Biomass,45.96253,-113.95618
798,7/30/2014,Biomass,45.96472,-113.95681
799,7/25/2014,Biomass,46.67288,-113.85159
800,7/25/2014,Biomass,46.67424,-113.85197
802,7/25/2014,Biomass,46.67451,-113.85398
824,8/12/2015,Biomass,45.86584,-114.06641
825,8/12/2015,Biomass,45.86891,-114.06466
826,8/12/2015,Biomass,45.86853,-114.0713
827,8/12/2015,Biomass,45.86814,-114.06842
828,8/12/2015,Biomass,45.87001,-114.07207
844,7/24/2014,Biomass,46.68078,-113.84947
845,7/24/2014,Biomass,46.67574,-113.84538
846,7/24/2014,Biomass,46.67968,-113.84648
847,7/24/2014,Biomass,46.67391,-113.84928
848,7/24/2014,Biomass,46.67801,-113.84769
864,8/7/2014,Biomass,45.51828,-114.27199
865,8/7/2014,Biomass,45.51844,-114.27027
866,8/7/2014,Biomass,45.51993,-114.26964
868,8/7/2014,Biomass,45.5177,-114.27084
869,8/6/2014,Biomass,45.5062,-114.29494
871,8/6/2014,Biomass,45.50696,-114.29214
872,8/6/2014,Biomass,45.50668,-114.29417
873,8/6/2014,Biomass,45.50997,-114.29215
874,8/5/2014,Biomass,45.535,-114.27717
875,8/5/2014,Biomass,45.53924,-114.27872
876,8/5/2014,Biomass,45.53409,-114.27755
877,8/5/2014,Biomass,45.53487,-114.27888
878,8/5/2014,Biomass,45.53849,-114.27773
880,8/10/2015,Biomass,45.50676,-114.47188
881,8/10/2015,Biomass,45.50957,-114.47127
882,8/10/2015,Biomass,45.51002,-114.47165
883,8/10/2015,Biomass,45.50615,-114.47071
884,8/14/2015,Biomass,46.25985,-113.7969
885,8/13/2015,Biomass,46.25591,-113.80064
886,8/14/2015,Biomass,46.26096,-113.8037
887,8/14/2015,Biomass,46.26071,-113.80275
888,8/13/2015,Biomass,46.25534,-113.80052
889,8/14/2014,Biomass,46.32203,-114.23936
891,8/14/2014,Biomass,46.32191,-114.24082
892,8/14/2014,Biomass,46.3197,-114.2416
894,8/15/2014,Biomass,46.32518,-114.25037
896,8/15/2014,Biomass,46.32701,-114.24855
898,8/15/2014,Biomass,46.32578,-114.2494
907,8/13/2015,Biomass,46.24067,-113.84244
908,8/13/2015,Biomass,46.24282,-113.84296
909,8/13/2015,Biomass,46.24371,-113.84347
911,8/13/2015,Biomass,46.24444,-113.84091
912,8/4/2014,Biomass,45.53302,-114.35481
913,8/4/2014,Biomass,45.52856,-114.35652
914,8/4/2014,Biomass,45.53152,-114.35424
916,8/4/2014,Biomass,45.53012,-114.35418
917,8/10/2015,Biomass,45.55156,-114.36772
918,8/10/2015,Biomass,45.55122,-114.36885
919,8/10/2015,Biomass,45.55272,-114.36653
920,8/10/2015,Biomass,45.55212,-114.36637
931,7/16/2014,Biomass,46.77409,-114.21039
933,7/16/2014,Biomass,46.77056,-114.21252
934,7/16/2014,Biomass,46.77007,-114.21509
935,7/16/2014,Biomass,46.76886,-114.21172
950,8/1/2014,Biomass,46.71062,-114.03927
951,8/20/2014,Biomass,46.68518,-114.03336
952,8/18/2014,Biomass,46.67215,-114.01369
953,8/8/2014,Biomass,46.67406,-114.02348
954,8/7/2014,Biomass,46.68086,-114.02947
955,8/18/2014,Biomass,46.68067,-114.02991
956,8/8/2014,Biomass,46.68763,-114.03329
957,8/8/2014,Biomass,46.68937,-114.03595
958,8/20/2014,Biomass,46.67247,-114.02587
959,8/22/2014,Biomass,46.68652,-114.03611
960,8/22/2014,Biomass,46.68537,-114.03608
961,8/20/2014,Biomass,46.67225,-114.02493
1016,8/26/2015,Biomass,46.45785,-113.76855
1017,8/26/2015,Biomass,46.45856,-113.76639
1018,8/26/2015,Biomass,46.457755,-113.7694
1019,8/26/2015,Biomass,46.45834,-113.76865
1020,8/26/2015,Biomass,46.45783,-113.76779
1022,7/28/2015,Biomass,46.41864,-113.69937
1023,7/28/2015,Biomass,46.41848,-113.70033
1026,7/29/2015,Biomass,46.45065,-113.6879
1028,7/29/2015,Biomass,46.45114,-113.68591
1034,7/28/2015,Biomass,46.50418,-113.74872
1035,7/28/2015,Biomass,46.5065,-113.75257
1036,7/17/2015,Biomass,46.55299,-113.8561
1037,7/17/2015,Biomass,46.55295,-113.8577
1038,7/17/2015,Biomass,46.55197,-113.85443
1039,7/17/2015,Biomass,46.5524,-113.85568
1040,7/17/2015,Biomass,46.55205,-113.85761
1041,8/13/2015,Biomass,46.16954,-113.95236
1042,8/13/2015,Biomass,46.17253,-113.95476
1043,8/13/2015,Biomass,46.17142,-113.95269
1044,8/13/2015,Biomass,46.17376,-113.95651
1045,8/13/2015,Biomass,46.17096,-113.95475
1046,8/4/2015,Biomass,46.43477,-113.8822
1047,8/4/2015,Biomass,46.43317,-113.88142
1048,8/4/2015,Biomass,46.43445,-113.87841
1049,8/4/2015,Biomass,46.43217,-113.87627
1051,8/24/2015,Biomass,46.73847,-113.74313
1052,8/24/2015,Biomass,46.73826,-113.74399
1053,8/24/2015,Biomass,46.73917,-113.74344
1055,8/24/2015,Biomass,46.73906,-113.74414
1057,7/27/2015,Biomass,46.41428,-113.6487
1059,7/27/2015,Biomass,46.41322,-113.65273
1061,7/29/2015,Biomass,46.44749,-113.68022
1063,7/29/2015,Biomass,46.4474,-113.67847
1065,7/29/2015,Biomass,46.44672,-113.67832
1071,8/26/2015,Biomass,46.46227,-113.76657
1072,8/26/2015,Biomass,46.45983,-113.76781
1073,8/26/2015,Biomass,46.45919,-113.76843
1074,8/26/2015,Biomass,46.46082,-113.76708
1075,8/26/2015,Biomass,46.46345,-113.76576
1076,7/30/2015,Biomass,46.51913,-113.72901
1078,7/30/2015,Biomass,46.51959,-113.72647
1079,7/30/2015,Biomass,46.52,-113.72807
1080,7/30/2015,Biomass,46.51945,-113.72504
1081,7/28/2015,Biomass,46.50681,-113.75902
1082,7/28/2015,Biomass,46.50572,-113.75485
1083,7/28/2015,Biomass,46.5064,-113.75729
1084,7/28/2015,Biomass,46.50706,-113.75525
1085,7/28/2015,Biomass,46.50443,-113.75744
1086,8/3/2015,Biomass,46.76756,-113.72868
1087,8/3/2015,Biomass,46.76617,-113.72401
1088,8/3/2015,Biomass,46.76758,-113.72476
1089,8/3/2015,Biomass,46.76721,-113.72686
1090,8/3/2015,Biomass,46.76882,-113.72728
1091,8/7/2015,Biomass,46.77219,-113.73559
1092,8/7/2015,Biomass,46.77132,-113.73527
1093,8/7/2015,Biomass,46.77135,-113.73388
1094,8/7/2015,Biomass,46.77153,-113.73269
1095,8/7/2015,Biomass,46.76889,-113.73139
1096,8/11/2015,Biomass,45.81474,-114.27979
1097,8/11/2015,Biomass,45.81618,-114.28146
1098,8/11/2015,Biomass,45.81254,-114.27837
1099,8/11/2015,Biomass,45.81361,-114.28311
1100,8/11/2015,Biomass,45.81101,-114.28016
1101,8/11/2015,Biomass,45.81963,-114.27502
1102,8/11/2015,Biomass,45.82174,-114.27261
1103,8/11/2015,Biomass,45.81951,-114.26773
1104,8/11/2015,Biomass,45.82141,-114.27317
1105,8/11/2015,Biomass,46.82006,-114.27076
1200,7/16/2015,Biomass,46.67586,-114.00526
1201,7/16/2015,Biomass,46.67507,-114.00693
1202,7/16/2015,Biomass,46.69481,-114.02106
1203,7/16/2015,Biomass,46.69595,-114.02146
1204,7/16/2015,Biomass,46.69637,-114.02289
1205,7/16/2015,Biomass,46.6951,-114.02276
1206,7/16/2015,Biomass,46.69736,-114.02206
1207,7/31/2015,Biomass,46.70684,-114.03217
1208,7/31/2015,Biomass,46.7061,-114.03335
1209,7/31/2015,Biomass,46.70509,-114.03422
1210,8/27/2015,Biomass,46.70617,-114.03466
1211,8/27/2015,Biomass,46.70494,-114.03242
1212,7/21/2015,Biomass,46.48051,-113.94422
1213,7/21/2015,Biomass,46.47941,-113.94303
1214,7/21/2015,Biomass,46.48006,-113.94714
1215,7/21/2015,Biomass,46.47782,-113.94644
1216,7/21/2015,Biomass,46.47841,-113.94465
1217,7/31/2015,Biomass,46.48507,-113.94688
1218,7/31/2015,Biomass,46.48972,-113.94481
1219,7/31/2015,Biomass,46.48823,-113.94223
1220,7/31/2015,Biomass,46.48859,-113.94427
1221,7/31/2015,Biomass,46.48534,-113.94415
1227,7/22/2015,Biomass,46.71213,-114.03623
1228,7/22/2015,Biomass,46.71537,-114.03191
1229,7/22/2015,Biomass,46.71447,-114.03476
1230,7/22/2015,Biomass,46.71962,-114.03295
1231,7/22/2015,Biomass,46.72213,-114.03445
1241,8/5/2015,Biomass,46.68063,-114.03706
1242,8/5/2015,Biomass,46.68016,-114.03416
1243,8/5/2015,Biomass,46.68143,-114.03297
1245,8/31/2015,Biomass,46.57967,-113.96089
1246,8/31/2015,Biomass,46.57936,-113.95898
1247,8/24/2015,Biomass,46.59946,-113.93914
1248,8/24/2015,Biomass,46.59611,-113.9437
1249,8/24/2015,Biomass,46.60378,-113.93877
1250,8/24/2015,Biomass,46.59833,-113.94372
1251,8/24/2015,Biomass,46.60011,-113.94244
1252,8/31/2015,Biomass,46.5778,-113.96169
1254,8/3/2015,Biomass,46.54859,-113.95792
1256,8/3/2015,Biomass,46.5468,-113.95878
1257,8/3/2015,Biomass,46.54859,-113.96088
1258,8/27/2015,Biomass,46.59108,-113.94801
1259,8/27/2015,Biomass,46.59225,-113.95035
1260,8/17/2015,Biomass,46.46897,-113.94883
1261,8/17/2015,Biomass,46.46987,-113.94937
1262,8/17/2015,Biomass,46.46938,-113.94449
1263,8/17/2015,Biomass,46.47165,-113.95267
1264,8/17/2015,Biomass,46.46817,-113.94474
1265,8/27/2015,Biomass,46.47218,-113.95188
1266,8/27/2015,Biomass,46.47161,-113.95116
1267,8/27/2015,Biomass,46.46828,-113.94315
1268,8/31/2015,Biomass,46.4694,-113.94531
1269,8/31/2015,Biomass,46.4664,-113.94285
5325,8/5/2015,Biomass,46.73476,-114.04418
5326,8/5/2015,Biomass,46.7313,-114.04746
5340,8/7/2015,Biomass,46.84105,-113.95497
5344,8/7/2015,Biomass,46.84121,-113.96618
5364,8/6/2015,Biomass,46.53951,-113.90578
5367,8/6/2015,Biomass,46.54042,-113.90758
