"PlotVisit","RemoteDate","NDVI","EVI","Latitude","Longitude"
"10.2014-08-29",2014-08-29,6958,2994,46.57791,-113.82738
"106.2014-08-22",2014-08-29,7579,2998,46.69669,-113.75302
"108.2014-08-22",2014-08-29,7430,2706,46.69677,-113.75497
"109.2014-08-22",2014-08-29,7430,2706,46.69764,-113.75593
"11.2014-08-29",2014-08-29,7359,3187,46.57806,-113.83122
"12.2014-08-29",2014-08-29,7328,3249,46.57597,-113.83202
"141.2014-08-20",2014-08-13,5199,2362,46.72977,-113.76678
"144.2014-08-20",2014-08-13,6531,2009,46.73064,-113.76451
"145.2014-08-20",2014-08-13,6156,2809,46.72842,-113.76938
"146.2014-07-22",2014-07-28,7051,3388,46.82685,-113.92958
"147.2014-07-16",2014-07-12,7189,4084,46.82719,-113.92465
"148.2014-07-22",2014-07-28,6654,3157,46.82853,-113.93294
"149.2014-07-22",2014-07-28,7008,2977,46.82486,-113.93153
"150.2014-07-22",2014-07-28,5345,2694,46.83824,-113.92753
"161.2014-08-04",2014-07-28,6305,3210,46.82724,-113.94535
"162.2014-08-04",2014-07-28,6701,2853,46.82912,-113.94309
"164.2014-08-04",2014-07-28,6285,3126,46.83067,-113.94137
"165.2014-08-04",2014-07-28,6324,2377,46.82622,-113.94515
"171.2014-08-22",2014-08-29,7213,2835,46.764,-113.72813
"172.2014-08-12",2014-08-13,7297,3631,46.76244,-113.73286
"173.2014-08-22",2014-08-29,7416,3266,46.76221,-113.72764
"174.2014-08-12",2014-08-13,7181,3559,46.76221,-113.73434
"175.2014-08-22",2014-08-29,7186,3104,46.75914,-113.73231
"206.2014-08-26",2014-08-29,5882,3172,46.76406,-113.88225
"207.2014-08-26",2014-08-29,6901,3698,46.75041,-113.88361
"208.2014-08-26",2014-08-29,6864,1855,46.76282,-113.88194
"209.2014-08-26",2014-08-29,5882,3172,46.76299,-113.87981
"210.2014-08-26",2014-08-29,6465,2432,46.75955,-113.88116
"237.2014-08-29",2014-08-29,5284,1506,46.2986,-113.8753
"238.2014-08-29",2014-08-29,5074,2121,46.3009,-113.87283
"239.2014-08-29",2014-08-29,5879,3017,46.29751,-113.87439
"240.2014-08-29",2014-08-29,5284,1506,46.29958,-113.87552
"244.2014-07-24",2014-07-28,7054,3369,46.53373,-113.84006
"245.2014-07-24",2014-07-28,7325,3350,46.5352,-113.83706
"246.2014-07-24",2014-07-28,7325,3350,46.53429,-113.83549
"25.2014-08-28",2014-08-29,7301,3114,46.75571,-113.84053
"26.2014-08-28",2014-08-29,6919,3145,46.75592,-113.84168
"265.2014-07-24",2014-07-28,7325,3350,46.53503,-113.83635
"266.2014-07-24",2014-07-28,7477,3674,46.53437,-113.83934
"267.2014-07-24",2014-07-28,7314,3433,46.53641,-113.84325
"268.2014-07-29",2014-07-28,6880,3020,46.53565,-113.83601
"269.2014-07-29",2014-07-28,7477,3674,46.53553,-113.83736
"27.2014-08-28",2014-08-29,7084,3283,46.75481,-113.84254
"28.2014-08-28",2014-08-29,6882,2679,46.75267,-113.84751
"29.2014-08-28",2014-08-29,7084,3283,46.75507,-113.84368
"290.2014-08-14",2014-08-13,7185,4438,46.58047,-114.06964
"291.2014-08-14",2014-08-13,4909,2576,46.56311,-114.09344
"292.2014-08-14",2014-08-13,7185,4438,46.58041,-114.06763
"294.2014-08-14",2014-08-13,5738,2719,46.56623,-114.08849
"300.2014-07-17",2014-07-12,6327,3252,46.85456,-113.88437
"301.2014-07-17",2014-07-12,6243,2945,46.85576,-113.88226
"302.2014-07-22",2014-07-28,6520,3462,46.85487,-113.88049
"303.2014-07-17",2014-07-12,5787,2791,46.85896,-113.8836
"304.2014-07-17",2014-07-12,6424,2951,46.85752,-113.88326
"305.2014-08-04",2014-07-28,3160,1670,46.81895,-114.01316
"306.2014-08-04",2014-07-28,3321,1677,46.81926,-114.00811
"307.2014-08-04",2014-07-28,3147,1693,46.8189,-114.00503
"308.2014-08-04",2014-07-28,3732,1995,46.81803,-114.00515
"309.2014-08-04",2014-07-28,3220,1592,46.81756,-114.01095
"310.2014-08-11",2014-08-13,2605,1217,46.74095,-114.03402
"311.2014-08-11",2014-08-13,3292,1530,46.74438,-114.03027
"312.2014-08-11",2014-08-13,3078,1365,46.74489,-114.03087
"313.2014-08-11",2014-08-13,2843,1282,46.73975,-114.03489
"314.2014-08-11",2014-08-13,2605,1217,46.73979,-114.03214
"315.2014-08-25",2014-08-29,3222,1522,46.60107,-113.93311
"316.2014-08-25",2014-08-29,3222,1522,46.60118,-113.93414
"318.2014-08-25",2014-08-29,5230,2567,46.60221,-113.93151
"319.2014-08-25",2014-08-29,5230,2567,46.60287,-113.93461
"322.2014-06-09",2014-06-10,4248,2265,46.55935,-113.93347
"322.2014-06-30",2014-06-26,3811,1874,46.55931,-113.93343
"322.2014-09-04",2014-08-29,3102,1486,46.55929,-113.93347
"323.2014-06-09",2014-06-10,3545,2159,46.56231,-113.93115
"323.2014-06-30",2014-06-26,3410,2008,46.56235,-113.93132
"323.2014-09-04",2014-08-29,2754,1366,46.56236,-113.93118
"325.2014-05-27",2014-05-25,4639,2692,46.73416,-114.04424
"325.2014-06-16",2014-06-10,4029,2556,46.7341,-114.0443
"325.2014-07-10",2014-07-12,3293,1923,46.73384,-114.04421
"325.2014-08-12",2014-08-13,3118,1575,46.73423,-114.0443
"325.2014-09-03",2014-08-29,2950,1471,46.7342,-114.04419
"325.2014-09-22",2014-09-14,2931,1464,46.73427,-114.04416
"326.2014-05-20",2014-05-25,4292,2321,46.73136,-114.04718
"326.2014-06-16",2014-06-10,3897,2346,46.73125,-114.04698
"326.2014-07-10",2014-07-12,3217,1844,46.73114,-114.04684
"326.2014-08-12",2014-08-13,3169,1513,46.73131,-114.04638
"326.2014-09-03",2014-08-29,3207,1558,46.73128,-114.04642
"326.2014-09-22",2014-09-14,3091,1545,46.73129,-114.04602
"327.2014-08-12",2014-08-13,3094,1452,46.73249,-114.04685
"328.2014-08-12",2014-08-13,3094,1452,46.73017,-114.0434
"329.2014-08-12",2014-08-13,3118,1575,46.73307,-114.04445
"330.2014-07-23",2014-07-28,3452,1927,46.67785,-113.9848
"331.2014-07-21",2014-07-28,3503,2138,46.67797,-113.99229
"332.2014-07-23",2014-07-28,3503,2138,46.67725,-113.9901
"333.2014-07-23",2014-07-28,4127,2015,46.67916,-113.99017
"334.2014-07-23",2014-07-28,3314,1859,46.67994,-113.98594
"335.2014-07-21",2014-07-28,3921,1932,46.58601,-113.91708
"336.2014-07-21",2014-07-28,4122,2249,46.58572,-113.91917
"337.2014-07-21",2014-07-28,3752,1922,46.58648,-113.92349
"338.2014-07-21",2014-07-28,5010,2635,46.58517,-113.91833
"339.2014-07-21",2014-07-28,4876,2247,46.58248,-113.91828
"340.2014-05-21",2014-05-25,5390,3521,46.84127,-113.96401
"340.2014-06-16",2014-06-10,4823,2461,46.84126,-113.9641
"340.2014-07-10",2014-07-12,4679,2236,46.84137,-113.96417
"340.2014-08-13",2014-08-13,3280,1551,46.84142,-113.96408
"340.2014-09-03",2014-08-29,3642,1781,46.84122,-113.96413
"340.2014-09-22",2014-09-14,3297,1679,46.84123,-113.96412
"341.2014-08-13",2014-08-13,3510,1790,46.83897,-113.96428
"342.2014-08-13",2014-08-13,3434,1863,46.84326,-113.96555
"343.2014-08-13",2014-08-13,3510,1790,46.84142,-113.96652
"344.2014-05-21",2014-05-25,4658,2839,46.84126,-113.9663
"344.2014-06-16",2014-06-10,4922,2593,46.84116,-113.96613
"344.2014-07-10",2014-07-12,4320,2641,46.84121,-113.96613
"344.2014-08-13",2014-08-13,3510,1790,46.84119,-113.96618
"344.2014-09-03",2014-08-29,3528,1854,46.84124,-113.96619
"344.2014-09-22",2014-09-14,3300,1731,46.84115,-113.96631
"359.2014-07-23",2014-07-28,3045,1662,46.54897,-113.92075
"360.2014-07-23",2014-07-28,2854,1550,46.54829,-113.91525
"361.2014-07-23",2014-07-28,2947,1562,46.54881,-113.91163
"362.2014-07-23",2014-07-28,3545,1595,46.54768,-113.91892
"363.2014-07-23",2014-07-28,3383,1935,46.55149,-113.91377
"364.2014-05-26",2014-05-25,5969,3123,46.53965,-113.90561
"364.2014-06-16",2014-06-10,6467,3805,46.53973,-113.90564
"364.2014-07-09",2014-07-12,5817,3129,46.53983,-113.90572
"364.2014-08-18",2014-08-13,4181,1677,46.53974,-113.90571
"364.2014-09-03",2014-08-29,4820,2009,46.53972,-113.90562
"364.2014-09-22",2014-09-14,5083,1810,46.53968,-113.90581
"366.2014-08-18",2014-08-13,6490,2626,46.53877,-113.90142
"367.2014-05-26",2014-05-25,5969,3123,46.5405,-113.90747
"367.2014-06-16",2014-06-10,6467,3805,46.54047,-113.90749
"367.2014-07-09",2014-07-12,5817,3129,46.54052,-113.90768
"367.2014-08-18",2014-08-13,4181,1677,46.54051,-113.90769
"367.2014-09-03",2014-08-29,4820,2009,46.54046,-113.90775
"367.2014-09-22",2014-09-14,5083,1810,46.54051,-113.90759
"368.2014-08-18",2014-08-13,5096,2147,46.53994,-113.90354
"369.2014-07-23",2014-07-28,4701,2923,46.55111,-113.91043
"370.2014-07-23",2014-07-28,2947,1562,46.54789,-113.90875
"371.2014-07-23",2014-07-28,3383,1935,46.55131,-113.91312
"372.2014-07-23",2014-07-28,2947,1562,46.54943,-113.91152
"373.2014-07-23",2014-07-28,2867,1611,46.55038,-113.91436
"374.2014-07-18",2014-07-12,4121,1853,46.49702,-113.95142
"375.2014-07-17",2014-07-12,3624,1522,46.49302,-113.95524
"376.2014-07-17",2014-07-12,3475,1541,46.49224,-113.95683
"377.2014-07-17",2014-07-12,3570,1532,46.4953,-113.95357
"378.2014-07-18",2014-07-12,4257,2217,46.49699,-113.95315
"401.2014-07-18",2014-07-12,4459,2556,46.49725,-113.94418
"402.2014-07-18",2014-07-12,5097,2743,46.49677,-113.93938
"425.2014-08-27",2014-08-29,7167,2690,46.7585,-113.84092
"426.2014-08-27",2014-08-29,7179,2891,46.75075,-113.83784
"427.2014-08-27",2014-08-29,7420,3291,46.74941,-113.84135
"428.2014-08-27",2014-08-29,7420,3291,46.74943,-113.84239
"429.2014-08-27",2014-08-29,7884,3359,46.74632,-113.84281
"447.2014-08-28",2014-08-29,5155,2570,46.61642,-113.63516
"448.2014-08-28",2014-08-29,4819,2242,46.6153,-113.63059
"449.2014-08-28",2014-08-29,4769,2192,46.61782,-113.63422
"450.2014-08-28",2014-08-29,4900,1549,46.61702,-113.63814
"459.2014-08-22",2014-08-29,6801,2788,46.82028,-113.91412
"460.2014-08-07",2014-08-13,6171,2473,46.82284,-113.91335
"461.2014-08-15",2014-08-13,6572,2642,46.819,-113.90859
"462.2014-08-07",2014-08-13,6171,2473,46.82254,-113.91258
"464.2014-08-12",2014-08-13,6647,3186,46.76073,-113.73788
"465.2014-08-12",2014-08-13,6647,3186,46.76154,-113.73825
"466.2014-08-12",2014-08-13,6548,3182,46.7605,-113.7393
"467.2014-08-12",2014-08-13,6647,3186,46.76041,-113.73573
"468.2014-08-12",2014-08-13,7181,3559,46.76163,-113.73489
"473.2014-07-21",2014-07-28,5881,3162,46.57777,-113.92081
"481.2014-08-05",2014-07-28,6593,2910,46.73917,-113.98021
"482.2014-08-05",2014-07-28,4985,2496,46.73969,-113.98071
"483.2014-08-05",2014-07-28,6593,2910,46.73936,-113.98192
"484.2014-08-05",2014-07-28,5779,3355,46.74014,-113.98495
"485.2014-08-05",2014-07-28,5555,3123,46.74152,-113.9774
"495.2014-08-05",2014-07-28,5156,2520,46.74679,-113.98418
"496.2014-08-05",2014-07-28,5175,2290,46.74615,-113.98574
"497.2014-08-05",2014-07-28,5201,2641,46.74657,-113.98277
"498.2014-07-31",2014-07-28,5445,2739,46.7472,-113.98119
"499.2014-07-31",2014-07-28,5445,2739,46.74732,-113.97998
"5.2014-07-17",2014-07-12,7043,3009,46.45097,-113.83656
"509.2014-08-26",2014-08-29,7295,2732,46.51624,-113.85493
"511.2014-08-26",2014-08-29,6913,2435,46.51777,-113.85619
"512.2014-08-26",2014-08-29,6913,2435,46.51742,-113.85475
"513.2014-07-23",2014-07-28,4846,2592,46.54398,-113.91036
"514.2014-07-23",2014-07-28,4568,2402,46.54458,-113.91607
"516.2014-07-23",2014-07-28,4846,2592,46.5446,-113.91216
"527.2014-08-06",2014-08-13,5730,2425,46.74827,-113.96684
"528.2014-08-06",2014-08-13,6400,2653,46.74951,-113.96599
"529.2014-08-06",2014-08-13,7110,2767,46.7507,-113.9675
"530.2014-08-06",2014-08-13,6662,2463,46.74771,-113.96889
"567.2014-08-19",2014-08-13,7179,2371,46.69502,-113.79082
"569.2014-08-19",2014-08-13,7118,2496,46.69308,-113.79242
"570.2014-08-19",2014-08-13,6216,2487,46.69244,-113.79308
"571.2014-08-19",2014-08-13,6587,2495,46.69403,-113.79182
"573.2014-08-25",2014-08-29,6921,2899,46.71914,-113.9757
"575.2014-08-25",2014-08-29,6562,3027,46.71821,-113.97449
"577.2014-08-20",2014-08-13,7686,2768,46.70814,-113.90885
"580.2014-08-20",2014-08-13,7823,3136,46.70451,-113.90204
"581.2014-08-20",2014-08-13,7686,2768,46.7091,-113.90765
"592.2014-08-21",2014-08-13,7482,2423,46.76399,-113.81277
"593.2014-08-21",2014-08-13,7208,2611,46.76358,-113.81435
"594.2014-08-21",2014-08-13,7555,2966,46.76436,-113.80945
"595.2014-08-21",2014-08-13,7555,2966,46.76432,-113.80847
"605.2014-08-18",2014-08-13,6703,3068,46.76273,-113.82808
"606.2014-08-18",2014-08-13,6703,3068,46.7625,-113.82589
"608.2014-08-18",2014-08-13,7105,2583,46.76194,-113.82991
"609.2014-08-18",2014-08-13,7105,2583,46.76238,-113.82884
"616.2014-08-14",2014-08-13,6697,2029,46.60109,-113.85754
"617.2014-08-13",2014-08-13,6531,1957,46.60125,-113.85363
"618.2014-08-13",2014-08-13,7232,2320,46.59825,-113.85924
"619.2014-08-13",2014-08-13,7001,1900,46.60167,-113.8606
"632.2014-08-25",2014-08-29,5804,2715,46.67671,-113.76788
"633.2014-08-25",2014-08-29,5804,2715,46.67685,-113.76868
"634.2014-08-25",2014-08-29,6169,2781,46.67739,-113.77011
"635.2014-08-25",2014-08-29,7368,2412,46.67337,-113.76349
"646.2014-08-15",2014-08-13,7421,3073,46.81871,-113.90606
"648.2014-08-15",2014-08-13,6098,2338,46.81787,-113.90259
"649.2014-08-15",2014-08-13,6171,2473,46.82209,-113.91245
"66.2014-08-19",2014-08-13,7337,3412,46.72836,-113.8046
"671.2014-07-16",2014-07-12,6363,2839,46.46879,-113.90339
"672.2014-07-15",2014-07-12,5982,2813,46.47178,-113.90588
"673.2014-07-15",2014-07-12,6352,3208,46.47136,-113.90338
"674.2014-07-16",2014-07-12,6352,3208,46.47029,-113.90378
"675.2014-07-15",2014-07-12,6345,2909,46.47511,-113.90041
"676.2014-07-15",2014-07-12,6234,3339,46.47388,-113.89763
"677.2014-07-15",2014-07-12,6727,3534,46.47257,-113.89734
"678.2014-07-15",2014-07-12,6951,3549,46.47577,-113.89534
"68.2014-08-22",2014-08-29,7290,3252,46.72944,-113.80245
"680.2014-07-09",2014-07-12,6275,3298,46.66172,-113.84101
"680.2014-09-04",2014-08-29,4636,2504,46.66168,-113.84107
"680.2014-09-23",2014-09-30,3782,1916,46.66159,-113.84119
"681.2014-06-23",2014-06-26,6885,3547,46.47952,-113.90017
"681.2014-07-10",2014-07-12,6683,3316,46.47952,-113.90019
"681.2014-09-04",2014-08-29,6669,2986,46.48007,-113.9001
"681.2014-09-23",2014-09-30,5712,2229,46.47942,-113.90022
"69.2014-08-19",2014-08-13,6069,2662,46.73069,-113.79951
"7.2014-07-17",2014-07-12,6794,3625,46.45158,-113.83524
"70.2014-08-19",2014-08-13,7192,3849,46.73029,-113.80087
"700.2014-07-28",2014-07-28,5438,3174,46.00791,-114.0382
"701.2014-07-29",2014-07-28,3664,2137,46.00204,-114.03886
"702.2014-07-29",2014-07-28,5438,3174,46.0072,-114.03786
"703.2014-07-29",2014-07-28,4571,2594,46.00219,-114.0345
"709.2014-07-30",2014-07-28,5048,3004,45.97632,-114.0332
"71.2014-07-18",2014-07-12,6383,3745,46.47168,-113.90021
"711.2014-07-30",2014-07-28,5048,3004,45.97599,-114.03381
"712.2014-07-30",2014-07-28,5590,2896,45.97337,-114.03531
"713.2014-07-29",2014-07-28,4382,2214,45.97512,-114.02995
"719.2014-07-29",2014-07-28,5778,3244,46.00475,-114.03681
"72.2014-07-16",2014-07-12,6352,3208,46.47109,-113.90275
"720.2014-07-29",2014-07-28,3772,2325,45.99997,-114.03149
"722.2014-07-29",2014-07-28,3664,2137,46.00112,-114.03711
"723.2014-07-28",2014-07-28,4371,2594,46.00322,-114.02902
"73.2014-07-15",2014-07-12,6363,2839,46.47003,-113.90546
"734.2014-08-27",2014-08-29,5643,2925,46.66298,-113.81784
"736.2014-08-27",2014-08-29,5988,2902,46.66279,-113.81516
"74.2014-07-16",2014-07-12,6135,3014,46.46745,-113.90321
"75.2014-07-18",2014-07-12,6059,3156,46.47018,-113.89885
"789.2014-08-21",2014-08-13,5474,2137,46.1199,-114.02909
"790.2014-08-21",2014-08-13,5474,2137,46.11963,-114.02577
"791.2014-08-21",2014-08-13,6135,2542,46.11875,-114.02837
"793.2014-08-21",2014-08-13,5474,2137,46.11995,-114.02791
"794.2014-07-31",2014-07-28,5109,2747,45.9603,-113.95188
"795.2014-07-31",2014-07-28,4985,2727,45.95848,-113.95455
"796.2014-07-31",2014-07-28,5475,3002,45.96429,-113.95483
"797.2014-07-30",2014-07-28,5503,3027,45.96253,-113.95618
"798.2014-07-30",2014-07-28,5472,3023,45.96472,-113.95681
"799.2014-07-25",2014-07-28,5401,3182,46.67288,-113.85159
"8.2014-08-29",2014-08-29,7328,3249,46.57524,-113.82969
"800.2014-07-25",2014-07-28,4573,2726,46.67424,-113.85197
"802.2014-07-25",2014-07-28,4573,2726,46.67451,-113.85398
"844.2014-07-24",2014-07-28,3816,1900,46.68078,-113.84947
"845.2014-07-24",2014-07-28,4463,2750,46.67574,-113.84538
"846.2014-07-24",2014-07-28,3816,1900,46.67968,-113.84648
"847.2014-07-24",2014-07-28,4755,3155,46.67391,-113.84928
"848.2014-07-24",2014-07-28,4987,2649,46.67801,-113.84769
"864.2014-08-07",2014-08-13,6135,1653,45.51828,-114.27199
"865.2014-08-07",2014-08-13,6135,1653,45.51844,-114.27027
"866.2014-08-07",2014-08-13,5581,1446,45.51993,-114.26964
"868.2014-08-07",2014-08-13,6135,1653,45.5177,-114.27084
"869.2014-08-06",2014-08-13,5064,1990,45.5062,-114.29494
"871.2014-08-06",2014-08-13,5500,2310,45.50696,-114.29214
"872.2014-08-06",2014-08-13,5383,2104,45.50668,-114.29417
"873.2014-08-06",2014-08-13,5413,2472,45.50997,-114.29215
"874.2014-08-05",2014-07-28,5546,2255,45.535,-114.27717
"875.2014-08-05",2014-07-28,5521,2487,45.53924,-114.27872
"876.2014-08-05",2014-07-28,5546,2255,45.53409,-114.27755
"877.2014-08-05",2014-07-28,5546,2255,45.53487,-114.27888
"878.2014-08-05",2014-07-28,5521,2487,45.53849,-114.27773
"889.2014-08-14",2014-08-13,5463,3046,46.32203,-114.23936
"891.2014-08-14",2014-08-13,5463,3046,46.32191,-114.24082
"892.2014-08-14",2014-08-13,5872,3521,46.3197,-114.2416
"894.2014-08-15",2014-08-13,4503,2464,46.32518,-114.25037
"896.2014-08-15",2014-08-13,4963,3095,46.32701,-114.24855
"898.2014-08-15",2014-08-13,4959,2791,46.32578,-114.2494
"912.2014-08-04",2014-07-28,4938,2167,45.53302,-114.35481
"913.2014-08-04",2014-07-28,4189,1998,45.52856,-114.35652
"914.2014-08-04",2014-07-28,5176,2321,45.53152,-114.35424
"916.2014-08-04",2014-07-28,4365,2074,45.53012,-114.35418
"931.2014-07-16",2014-07-12,3927,1687,46.77409,-114.21039
"933.2014-07-16",2014-07-12,3910,1457,46.77056,-114.21252
"934.2014-07-16",2014-07-12,3066,1267,46.77007,-114.21509
"935.2014-07-16",2014-07-12,3066,1267,46.76886,-114.21172
"950.2014-08-01",2014-07-28,5299,3219,46.71062,-114.03927
"951.2014-08-20",2014-08-13,6771,4736,46.68518,-114.03336
"952.2014-08-18",2014-08-13,3783,2223,46.67215,-114.01369
"953.2014-08-08",2014-08-13,4988,3181,46.67406,-114.02348
"954.2014-08-07",2014-08-13,4055,2188,46.68086,-114.02947
"955.2014-08-18",2014-08-13,4671,2608,46.68067,-114.02991
"956.2014-08-08",2014-08-13,4143,2330,46.68763,-114.03329
"957.2014-08-08",2014-08-13,4143,2330,46.68937,-114.03595
"958.2014-08-20",2014-08-13,7608,6598,46.67247,-114.02587
"959.2014-08-22",2014-08-29,6853,4385,46.68652,-114.03611
"960.2014-08-22",2014-08-29,5946,3518,46.68537,-114.03608
"961.2014-08-20",2014-08-13,7608,6598,46.67225,-114.02493
"1016.2015-08-26",2015-08-29,6376,1649,46.45785,-113.76855
"1017.2015-08-26",2015-08-29,6376,1649,46.45856,-113.76639
"1018.2015-08-26",2015-08-29,6376,1649,46.457755,-113.7694
"1019.2015-08-26",2015-08-29,5207,1928,46.45834,-113.76865
"1020.2015-08-26",2015-08-29,6376,1649,46.45783,-113.76779
"1022.2015-07-28",2015-07-28,4517,2091,46.41864,-113.69937
"1023.2015-07-28",2015-07-28,4962,2023,46.41848,-113.70033
"1026.2015-07-29",2015-07-28,6095,1836,46.45065,-113.6879
"1028.2015-07-29",2015-07-28,6110,2304,46.45114,-113.68591
"1034.2015-07-28",2015-07-28,5661,2399,46.50418,-113.74872
"1035.2015-07-28",2015-07-28,6116,2075,46.5065,-113.75257
"1036.2015-07-17",2015-07-12,6392,2312,46.55299,-113.8561
"1037.2015-07-17",2015-07-12,6437,2441,46.55295,-113.8577
"1038.2015-07-17",2015-07-12,6578,2554,46.55197,-113.85443
"1039.2015-07-17",2015-07-12,6392,2312,46.5524,-113.85568
"1040.2015-07-17",2015-07-12,6865,2769,46.55205,-113.85761
"1041.2015-08-13",2015-08-13,5092,2320,46.16954,-113.95236
"1042.2015-08-13",2015-08-13,5918,2711,46.17253,-113.95476
"1043.2015-08-13",2015-08-13,5685,2538,46.17142,-113.95269
"1044.2015-08-13",2015-08-13,5229,2388,46.17376,-113.95651
"1045.2015-08-13",2015-08-13,5681,2775,46.17096,-113.95475
"1046.2015-08-04",2015-07-28,6008,2306,46.43477,-113.8822
"1047.2015-08-04",2015-07-28,6588,2791,46.43317,-113.88142
"1048.2015-08-04",2015-07-28,6730,2722,46.43445,-113.87841
"1049.2015-08-04",2015-07-28,6377,2496,46.43217,-113.87627
"1051.2015-08-24",2015-08-29,7652,1745,46.73847,-113.74313
"1052.2015-08-24",2015-08-29,7486,1805,46.73826,-113.74399
"1053.2015-08-24",2015-08-29,7652,1745,46.73917,-113.74344
"1055.2015-08-24",2015-08-29,7652,1745,46.73906,-113.74414
"1057.2015-07-27",2015-07-28,6621,1727,46.41428,-113.6487
"1059.2015-07-27",2015-07-28,6413,1730,46.41322,-113.65273
"1061.2015-07-29",2015-07-28,6320,2325,46.44749,-113.68022
"1063.2015-07-29",2015-07-28,6312,2206,46.4474,-113.67847
"1065.2015-07-29",2015-07-28,6320,2325,46.44672,-113.67832
"1071.2015-08-26",2015-08-29,5940,1489,46.46227,-113.76657
"1072.2015-08-26",2015-08-29,5637,1605,46.45983,-113.76781
"1073.2015-08-26",2015-08-29,6376,1649,46.45919,-113.76843
"1074.2015-08-26",2015-08-29,5637,1605,46.46082,-113.76708
"1075.2015-08-26",2015-08-29,5940,1489,46.46345,-113.76576
"1076.2015-07-30",2015-07-28,6430,3058,46.51913,-113.72901
"1078.2015-07-30",2015-07-28,6758,2881,46.51959,-113.72647
"1079.2015-07-30",2015-07-28,6618,2975,46.52,-113.72807
"1080.2015-07-30",2015-07-28,6758,2881,46.51945,-113.72504
"1081.2015-07-28",2015-07-28,5861,2421,46.50681,-113.75902
"1082.2015-07-28",2015-07-28,5897,2499,46.50572,-113.75485
"1083.2015-07-28",2015-07-28,5861,2421,46.5064,-113.75729
"1084.2015-07-28",2015-07-28,6272,1985,46.50706,-113.75525
"1085.2015-07-28",2015-07-28,4795,1605,46.50443,-113.75744
"1086.2015-08-03",2015-07-28,6888,2450,46.76756,-113.72868
"1087.2015-08-03",2015-07-28,6888,2450,46.76617,-113.72401
"1088.2015-08-03",2015-07-28,6888,2450,46.76758,-113.72476
"1089.2015-08-03",2015-07-28,6888,2450,46.76721,-113.72686
"1090.2015-08-03",2015-07-28,6632,3038,46.76882,-113.72728
"1091.2015-08-07",2015-08-13,7308,3569,46.77219,-113.73559
"1092.2015-08-07",2015-08-13,7318,3549,46.77132,-113.73527
"1093.2015-08-07",2015-08-13,7308,3569,46.77135,-113.73388
"1094.2015-08-07",2015-08-13,7308,3569,46.77153,-113.73269
"1095.2015-08-07",2015-08-13,7104,3445,46.76889,-113.73139
"1096.2015-08-11",2015-08-13,5718,2731,45.81474,-114.27979
"1097.2015-08-11",2015-08-13,5624,2498,45.81618,-114.28146
"1098.2015-08-11",2015-08-13,5087,2280,45.81254,-114.27837
"1099.2015-08-11",2015-08-13,5218,2421,45.81361,-114.28311
"1100.2015-08-11",2015-08-13,5187,2357,45.81101,-114.28016
"1101.2015-08-11",2015-08-13,5609,2493,45.81963,-114.27502
"1102.2015-08-11",2015-08-13,5553,2503,45.82174,-114.27261
"1103.2015-08-11",2015-08-13,5356,2357,45.81951,-114.26773
"1104.2015-08-11",2015-08-13,5553,2503,45.82141,-114.27317
"1200.2015-07-16",2015-07-12,2599,1335,46.67586,-114.00526
"1201.2015-07-16",2015-07-12,2663,1398,46.67507,-114.00693
"1202.2015-07-16",2015-07-12,2797,1453,46.69481,-114.02106
"1203.2015-07-16",2015-07-12,2686,1388,46.69595,-114.02146
"1204.2015-07-16",2015-07-12,2871,1410,46.69637,-114.02289
"1205.2015-07-16",2015-07-12,2797,1453,46.6951,-114.02276
"1206.2015-07-16",2015-07-12,2686,1388,46.69736,-114.02206
"1207.2015-07-31",2015-07-28,3012,1524,46.70684,-114.03217
"1208.2015-07-31",2015-07-28,3253,1450,46.7061,-114.03335
"1209.2015-07-31",2015-07-28,2863,1358,46.70509,-114.03422
"1210.2015-08-27",2015-08-29,3485,2084,46.70617,-114.03466
"1211.2015-08-27",2015-08-29,3485,2084,46.70494,-114.03242
"1212.2015-07-21",2015-07-28,3618,1684,46.48051,-113.94422
"1213.2015-07-21",2015-07-28,4235,1818,46.47941,-113.94303
"1214.2015-07-21",2015-07-28,4479,2269,46.48006,-113.94714
"1215.2015-07-21",2015-07-28,4013,2258,46.47782,-113.94644
"1216.2015-07-21",2015-07-28,3365,1805,46.47841,-113.94465
"1217.2015-07-31",2015-07-28,3719,1720,46.48507,-113.94688
"1218.2015-07-31",2015-07-28,3435,1567,46.48972,-113.94481
"1219.2015-07-31",2015-07-28,3592,1558,46.48823,-113.94223
"122.2015-07-22",2015-07-28,7574,2926,46.71025,-113.89076
"1220.2015-07-31",2015-07-28,3592,1558,46.48859,-113.94427
"1221.2015-07-31",2015-07-28,3601,1679,46.48534,-113.94415
"1227.2015-07-22",2015-07-28,3667,2127,46.71213,-114.03623
"1228.2015-07-22",2015-07-28,2966,1455,46.71537,-114.03191
"1229.2015-07-22",2015-07-28,3236,1396,46.71447,-114.03476
"123.2015-07-22",2015-07-28,8101,3340,46.70776,-113.89333
"1230.2015-07-22",2015-07-28,2994,1357,46.71962,-114.03295
"1231.2015-07-22",2015-07-28,2906,1327,46.72213,-114.03445
"124.2015-07-22",2015-07-28,7574,2926,46.7101,-113.88985
"1241.2015-08-05",2015-07-28,5511,2893,46.68063,-114.03706
"1242.2015-08-05",2015-07-28,5511,2893,46.68016,-114.03416
"1243.2015-08-05",2015-07-28,6765,4360,46.68143,-114.03297
"1245.2015-08-31",2015-08-29,7133,2264,46.57967,-113.96089
"1246.2015-08-31",2015-08-29,7133,2264,46.57936,-113.95898
"1247.2015-08-24",2015-08-29,7919,7676,46.59946,-113.93914
"1248.2015-08-24",2015-08-29,7326,5822,46.59611,-113.9437
"1249.2015-08-24",2015-08-29,6488,4695,46.60378,-113.93877
"125.2015-07-22",2015-07-28,7575,3302,46.70846,-113.89109
"1250.2015-08-24",2015-08-29,6552,4990,46.59833,-113.94372
"1251.2015-08-24",2015-08-29,6837,5685,46.60011,-113.94244
"1252.2015-08-31",2015-08-29,7779,5746,46.5778,-113.96169
"1254.2015-08-03",2015-07-28,7579,5911,46.54859,-113.95792
"1256.2015-08-03",2015-07-28,8134,6594,46.5468,-113.95878
"1257.2015-08-03",2015-07-28,8042,6499,46.54859,-113.96088
"1258.2015-08-27",2015-08-29,7100,5694,46.59108,-113.94801
"1259.2015-08-27",2015-08-29,5957,4390,46.59225,-113.95035
"1260.2015-08-17",2015-08-13,5727,3980,46.46897,-113.94883
"1261.2015-08-17",2015-08-13,5727,3980,46.46987,-113.94937
"1262.2015-08-17",2015-08-13,6509,5102,46.46938,-113.94449
"1263.2015-08-17",2015-08-13,5690,3800,46.47165,-113.95267
"1264.2015-08-17",2015-08-13,6509,5102,46.46817,-113.94474
"1265.2015-08-27",2015-08-29,6219,4025,46.47218,-113.95188
"1266.2015-08-27",2015-08-29,6219,4025,46.47161,-113.95116
"1267.2015-08-27",2015-08-29,6152,3751,46.46828,-113.94315
"1268.2015-08-31",2015-08-29,6591,4176,46.4694,-113.94531
"1269.2015-08-31",2015-08-29,6181,3870,46.4664,-113.94285
"131.2015-08-20",2015-08-13,6147,2102,46.44442,-113.9044
"132.2015-08-20",2015-08-13,5408,1934,46.43963,-113.91031
"133.2015-08-20",2015-08-13,5408,1934,46.44043,-113.90961
"134.2015-08-20",2015-08-13,6147,2102,46.44423,-113.90306
"135.2015-08-20",2015-08-13,5605,1884,46.44241,-113.90115
"151.2015-08-18",2015-08-13,5449,3128,46.60257,-113.90403
"153.2015-08-18",2015-08-13,5454,3130,46.60326,-113.90753
"154.2015-08-18",2015-08-13,5449,3128,46.60359,-113.90408
"16.2015-07-23",2015-07-28,7202,2341,46.46618,-113.84541
"17.2015-07-23",2015-07-28,7202,2341,46.46541,-113.84467
"176.2015-08-18",2015-08-13,6740,3947,46.85037,-113.89031
"179.2015-08-18",2015-08-13,6740,3947,46.85001,-113.89094
"18.2015-07-23",2015-07-28,7380,2692,46.46559,-113.84296
"19.2015-07-23",2015-07-28,7202,2341,46.46484,-113.844
"191.2015-08-04",2015-07-28,6728,2489,46.50952,-113.85642
"192.2015-08-04",2015-07-28,6350,2287,46.51348,-113.86186
"193.2015-08-04",2015-07-28,6792,2501,46.50922,-113.85912
"194.2015-08-03",2015-07-28,6967,2585,46.51368,-113.85712
"195.2015-08-04",2015-07-28,6728,2489,46.51026,-113.85789
"20.2015-07-21",2015-07-28,6775,3229,46.75143,-113.88459
"21.2015-07-21",2015-07-28,6758,3480,46.74842,-113.88261
"216.2015-08-03",2015-07-28,6974,2434,46.71538,-113.74931
"217.2015-08-03",2015-07-28,6958,2193,46.71454,-113.74426
"218.2015-08-03",2015-07-28,6357,3044,46.71438,-113.7466
"22.2015-07-21",2015-07-28,6814,2985,46.75237,-113.88403
"220.2015-08-03",2015-07-28,6958,2193,46.71367,-113.74107
"221.2015-08-28",2015-08-29,7410,1384,46.64315,-113.76135
"222.2015-08-28",2015-08-29,7286,2684,46.64297,-113.76458
"223.2015-08-28",2015-08-29,7466,1504,46.64416,-113.76387
"224.2015-08-28",2015-08-29,7466,1504,46.64323,-113.76298
"231.2015-08-19",2015-08-13,6459,2613,46.32373,-113.89344
"232.2015-08-19",2015-08-13,7364,2844,46.32465,-113.88433
"233.2015-08-19",2015-08-13,7421,2727,46.32622,-113.88708
"234.2015-08-19",2015-08-13,6708,2025,46.3257,-113.89254
"235.2015-08-19",2015-08-13,6688,2125,46.32475,-113.89033
"24.2015-07-21",2015-07-28,7298,2721,46.74804,-113.88482
"270.2015-08-06",2015-08-13,5254,1902,46.43407,-113.88264
"279.2015-08-31",2015-08-29,4209,1884,46.71571,-114.05119
"280.2015-08-31",2015-08-29,4394,2568,46.71033,-114.04875
"281.2015-08-21",2015-08-13,5396,3289,46.70929,-114.04823
"282.2015-08-21",2015-08-13,5532,3450,46.71202,-114.05093
"283.2015-08-21",2015-08-13,5389,3194,46.71463,-114.05174
"284.2015-07-16",2015-07-12,5688,2972,46.67134,-114.04623
"285.2015-07-16",2015-07-12,6050,2894,46.67068,-114.04744
"286.2015-08-17",2015-08-13,4105,1958,46.56088,-114.09387
"287.2015-08-17",2015-08-13,5268,3223,46.55975,-114.09467
"288.2015-08-17",2015-08-13,4105,1958,46.56188,-114.09169
"289.2015-08-17",2015-08-13,5419,3397,46.56226,-114.08987
"293.2015-08-17",2015-08-13,6074,3449,46.57625,-114.06801
"325.2015-05-25",2015-05-25,5095,2450,46.73433,-114.0443
"325.2015-06-15",2015-06-10,4126,2368,46.73513,-114.04433
"325.2015-07-06",2015-07-12,3279,1564,46.73444,-114.04447
"325.2015-08-05",2015-07-28,3145,1440,46.73476,-114.04418
"325.2015-09-11",2015-09-14,2746,1525,46.73437,-114.04459
"325.2015-09-23",2015-09-30,2832,1383,46.73497,-114.04446
"326.2015-05-25",2015-05-25,4547,2729,46.73878,-114.04847
"326.2015-06-15",2015-06-10,4141,2068,46.73121,-114.04745
"326.2015-07-06",2015-07-12,3818,1763,46.73127,-114.04739
"326.2015-08-05",2015-07-28,3124,1523,46.7313,-114.04746
"326.2015-09-11",2015-09-14,2940,1372,46.73127,-114.04668
"326.2015-09-23",2015-09-30,3100,1517,46.73131,-114.0463
"340.2015-05-27",2015-05-25,5473,2771,46.84117,-113.96439
"340.2015-06-16",2015-06-10,4695,2914,46.84111,-113.96444
"340.2015-07-06",2015-07-12,3337,1763,46.84105,-113.96443
"340.2015-08-07",2015-08-13,5097,3048,46.84105,-113.95497
"340.2015-09-09",2015-09-14,3331,1999,46.84108,-113.96459
"340.2015-09-23",2015-09-30,3390,1837,46.84123,-113.96467
"344.2015-05-27",2015-05-25,5473,2771,46.84122,-113.96622
"344.2015-06-16",2015-06-10,4695,2914,46.84117,-113.96619
"344.2015-07-06",2015-07-12,3337,1763,46.84121,-113.96624
"344.2015-08-07",2015-08-13,3361,2017,46.84121,-113.96618
"344.2015-09-09",2015-09-14,3331,1999,46.84119,-113.96623
"344.2015-09-23",2015-09-30,3390,1837,46.84148,-113.96632
"345.2015-07-23",2015-07-28,4794,1995,46.74979,-113.9958
"346.2015-07-23",2015-07-28,4459,2175,46.74811,-113.99476
"347.2015-07-23",2015-07-28,5141,2469,46.74886,-113.99039
"348.2015-07-23",2015-07-28,7465,2982,46.774878,-113.99663
"349.2015-07-23",2015-07-28,4123,1979,46.74932,-113.99974
"35.2015-08-20",2015-08-13,80,63,46.75543,-113.89018
"36.2015-08-20",2015-08-13,80,63,46.75427,-113.89183
"364.2015-05-26",2015-05-25,6364,3705,46.54071,-113.90608
"364.2015-06-17",2015-06-10,6424,3132,46.54065,-113.90629
"364.2015-07-07",2015-07-12,4906,2706,46.53964,-113.90565
"364.2015-08-06",2015-08-13,5559,2148,46.53951,-113.90578
"364.2015-09-09",2015-09-14,6057,2138,46.53953,-113.90575
"364.2015-09-23",2015-09-30,6046,2100,46.5397,-113.90573
"367.2015-05-26",2015-05-25,5982,3330,46.54037,-113.90759
"367.2015-06-17",2015-06-10,6424,3132,46.54086,-113.90745
"367.2015-07-07",2015-07-12,4906,2706,46.54054,-113.90762
"367.2015-08-06",2015-08-13,4757,2248,46.54042,-113.90758
"367.2015-09-09",2015-09-14,5109,2382,46.54045,-113.90769
"367.2015-09-23",2015-09-30,6046,2100,46.54044,-113.90762
"37.2015-08-20",2015-08-13,-148,-113,46.75664,-113.88744
"379.2015-07-15",2015-07-12,4830,2003,46.5325,-113.92049
"380.2015-07-15",2015-07-12,5293,2217,46.53278,-113.91516
"381.2015-07-15",2015-07-12,3477,1837,46.53472,-113.91675
"382.2015-07-15",2015-07-12,4875,2272,46.53599,-113.91744
"383.2015-07-15",2015-07-12,5293,2217,46.53245,-113.91562
"384.2015-08-05",2015-07-28,6076,3212,46.59157,-113.90462
"385.2015-08-05",2015-07-28,6185,2628,46.58943,-113.90398
"386.2015-08-05",2015-07-28,6076,3212,46.59114,-113.90322
"387.2015-08-05",2015-07-28,4871,1388,46.59042,-113.90754
"39.2015-08-20",2015-08-13,299,251,46.75302,-113.88892
"40.2015-08-19",2015-08-13,7571,2520,46.32041,-113.89397
"41.2015-08-19",2015-08-13,7652,3048,46.3187,-113.89884
"42.2015-08-19",2015-08-13,6969,2179,46.31865,-113.89635
"43.2015-08-19",2015-08-13,7618,3041,46.31702,-113.90178
"430.2015-07-24",2015-07-28,6322,2386,46.5074,-113.84422
"431.2015-07-24",2015-07-28,6322,2386,46.50759,-113.8444
"432.2015-07-24",2015-07-28,6305,2356,46.50798,-113.84262
"444.2015-07-24",2015-07-28,5736,2831,46.73114,-113.70055
"445.2015-07-24",2015-07-28,5731,2338,46.73228,-113.70097
"446.2015-07-24",2015-07-28,5736,2831,46.73322,-113.70151
"475.2015-07-30",2015-07-28,5860,2980,46.57814,-113.65923
"476.2015-07-30",2015-07-28,5780,2848,46.58175,-113.66869
"477.2015-07-30",2015-07-28,5171,2042,46.58088,-113.66564
"486.2015-08-18",2015-08-13,4201,2678,46.60152,-113.990417
"488.2015-08-18",2015-08-13,5447,3133,46.60317,-113.9015
"493.2015-08-18",2015-08-13,5152,2908,46.58965,-113.90775
"505.2015-07-17",2015-07-12,6004,2876,46.53762,-113.89822
"506.2015-07-17",2015-07-12,6070,2846,46.53889,-113.8961
"507.2015-07-17",2015-07-12,6104,2928,46.53764,-113.89694
"508.2015-07-17",2015-07-12,6104,2928,46.53909,-113.90083
"522.2015-08-28",2015-08-29,6260,2692,46.72833,-113.74938
"523.2015-08-28",2015-08-29,5666,2029,46.72587,-113.74698
"524.2015-08-28",2015-08-29,5527,2474,46.72834,-113.75127
"525.2015-08-28",2015-08-29,5646,2218,46.72822,-113.75302
"5325.2015-08-05",2015-07-28,3145,1440,46.73476,-114.04418
"5326.2015-08-05",2015-07-28,3124,1523,46.7313,-114.04746
"5340.2015-08-07",2015-08-13,5097,3048,46.84105,-113.95497
"5344.2015-08-07",2015-08-13,3361,2017,46.84121,-113.96618
"5364.2015-08-06",2015-08-13,5559,2148,46.53951,-113.90578
"5367.2015-08-06",2015-08-13,4757,2248,46.54042,-113.90758
"538.2015-08-21",2015-08-13,7547,2595,46.57748,-113.82243
"539.2015-08-21",2015-08-13,7547,2595,46.57577,-113.82141
"540.2015-08-21",2015-08-13,7547,2595,46.57821,-113.82389
"541.2015-08-21",2015-08-13,7485,2710,46.57525,-113.82282
"548.2015-07-27",2015-07-28,5613,2027,46.39939,-113.69759
"550.2015-07-27",2015-07-28,5808,2872,46.40055,-113.70197
"551.2015-07-28",2015-07-28,6421,3005,46.39515,-113.68675
"552.2015-07-28",2015-07-28,5753,2553,46.39211,-113.68392
"554.2015-07-28",2015-07-28,5753,2553,46.39322,-113.68607
"613.2015-08-31",2015-08-29,6623,1775,46.39318,-113.89605
"614.2015-08-31",2015-08-29,6237,2105,46.39439,-113.89897
"620.2015-07-29",2015-07-28,6630,3228,46.43931,-113.74721
"621.2015-07-29",2015-07-28,6798,3260,46.43592,-113.74487
"623.2015-07-29",2015-07-28,6630,3228,46.43835,-113.74619
"628.2015-07-20",2015-07-12,5382,2681,46.75603,-114.00861
"629.2015-07-20",2015-07-12,4565,2053,46.7582,-114.00845
"630.2015-07-20",2015-07-12,5566,2230,46.75541,-114.0089
"631.2015-07-20",2015-07-12,4881,2441,46.75809,-114.01042
"658.2015-08-27",2015-08-29,4111,1827,46.46227,-113.91527
"659.2015-08-27",2015-08-29,5121,2031,46.46587,-113.9144
"660.2015-08-27",2015-08-29,4123,2241,46.46275,-113.91473
"680.2015-06-01",2015-05-25,6255,3313,46.66152,-113.84124
"680.2015-06-17",2015-06-10,5279,3101,46.66145,-113.84138
"680.2015-07-02",2015-06-26,5373,2896,46.66164,-113.84109
"680.2015-08-07",2015-08-13,4870,2495,46.66162,-113.84113
"680.2015-09-09",2015-09-14,3693,2224,46.66157,-113.84124
"680.2015-09-23",2015-09-30,4075,2017,46.66156,-113.84119
"681.2015-05-28",2015-05-25,7549,3196,46.47952,-113.9002
"681.2015-06-16",2015-06-10,7070,3543,46.47949,-113.90022
"681.2015-07-03",2015-06-26,6313,3309,46.47948,-113.90025
"681.2015-08-07",2015-08-13,6272,2607,46.47948,-113.90023
"681.2015-09-09",2015-09-14,5662,2218,46.47948,-113.90025
"681.2015-09-23",2015-09-30,6803,3315,46.47951,-113.90017
"682.2015-05-20",2015-05-25,5473,2565,46.69057,-113.98768
"682.2015-06-15",2015-06-10,4554,2468,46.69077,-113.9876
"682.2015-07-02",2015-06-26,3911,2134,46.69082,-113.98754
"682.2015-07-15",2015-07-12,3462,1835,46.69076,-113.98753
"682.2015-09-09",2015-09-14,3017,1678,46.69057,-113.98795
"682.2015-09-23",2015-09-30,3307,1453,46.69087,-113.9875
"683.2015-07-15",2015-07-12,4070,1900,46.69654,-113.98652
"684.2015-07-15",2015-07-12,5734,2681,46.79721,-113.98616
"685.2015-07-15",2015-07-12,3684,2066,46.69594,-113.987787
"686.2015-05-20",2015-05-25,4937,2880,46.68989,-113.9894
"686.2015-06-15",2015-06-10,4834,2573,46.69022,-113.98927
"686.2015-07-02",2015-06-26,4333,2351,46.69028,-113.98894
"686.2015-07-15",2015-07-12,4534,2194,46.69015,-113.98923
"686.2015-09-09",2015-09-14,3139,1363,46.68994,-113.98943
"686.2015-09-23",2015-09-30,3137,1256,46.69026,-113.98891
"690.2015-08-25",2015-08-29,3838,2377,46.69543,-113.98164
"691.2015-08-25",2015-08-29,5018,2587,46.69527,-113.9794
"692.2015-08-25",2015-08-29,4514,2726,46.69859,-113.98097
"693.2015-08-25",2015-08-29,5128,2230,46.6964,-113.97946
"694.2015-08-25",2015-08-29,3838,2377,46.6974,-113.98276
"695.2015-08-25",2015-08-29,4514,1772,46.70141,-113.99933
"696.2015-08-25",2015-08-29,3175,1535,46.70232,-113.99872
"697.2015-08-25",2015-08-29,3394,1603,46.69898,-113.99938
"698.2015-08-25",2015-08-29,3394,1603,46.69907,-113.99992
"699.2015-08-25",2015-08-29,3394,1603,46.69914,-114.0002
"724.2015-08-12",2015-08-13,5853,2749,45.96105,-113.99289
"725.2015-08-12",2015-08-13,5314,2495,45.96274,-113.99464
"726.2015-08-12",2015-08-13,5940,2746,45.96098,-113.99016
"728.2015-08-12",2015-08-13,5998,2881,45.95926,-113.99715
"824.2015-08-12",2015-08-13,4353,2301,45.86584,-114.06641
"825.2015-08-12",2015-08-13,3493,1919,45.86891,-114.06466
"826.2015-08-12",2015-08-13,3442,1871,45.86853,-114.0713
"827.2015-08-12",2015-08-13,3442,1871,45.86814,-114.06842
"828.2015-08-12",2015-08-13,3832,2004,45.87001,-114.07207
"880.2015-08-10",2015-08-13,3768,2122,45.50676,-114.47188
"881.2015-08-10",2015-08-13,3522,1799,45.50957,-114.47127
"882.2015-08-10",2015-08-13,3522,1799,45.51002,-114.47165
"883.2015-08-10",2015-08-13,3687,1915,45.50615,-114.47071
"884.2015-08-14",2015-08-13,5918,2643,46.25985,-113.7969
"885.2015-08-13",2015-08-13,6193,2707,46.25591,-113.80064
"886.2015-08-14",2015-08-13,5828,2725,46.26096,-113.8037
"887.2015-08-14",2015-08-13,5828,2725,46.26071,-113.80275
"888.2015-08-13",2015-08-13,6193,2707,46.25534,-113.80052
"907.2015-08-13",2015-08-13,5907,2388,46.24067,-113.84244
"908.2015-08-13",2015-08-13,5653,2182,46.24282,-113.84296
"909.2015-08-13",2015-08-13,6047,2231,46.24371,-113.84347
"91.2015-07-20",2015-07-12,6576,3106,46.75959,-114.00965
"911.2015-08-13",2015-08-13,5430,2009,46.24444,-113.84091
"917.2015-08-10",2015-08-13,5685,1410,45.55156,-114.36772
"918.2015-08-10",2015-08-13,5685,1410,45.55122,-114.36885
"919.2015-08-10",2015-08-13,5492,1355,45.55272,-114.36653
"92.2015-07-20",2015-07-12,6576,3106,46.76003,-114.01147
"920.2015-08-10",2015-08-13,5492,1355,45.55212,-114.36637
"93.2015-07-20",2015-07-12,4786,2346,46.75769,-114.00597
"94.2015-07-20",2015-07-12,6668,2880,46.75998,-114.00498
"95.2015-07-20",2015-07-12,6668,2880,46.76011,-114.00355
